case,objective,direction,best_value,SMILES
baseline-greedy-default,PfDHFR_Docking,lower is better,-10.01,O=C(c1ccc(O)cc1)C1C(=O)N(Cc2ccccc2)C(=O)N(Cc2ccccc2)C1=O
baseline-greedy-default,hDHFR_Docking,higher is better,-5.432,Cc1cc(C)c(S(=O)(=O)Nc2ccc(-c3ccc(N4CCCCC4)nn3)cc2)cc1C
baseline-greedy-default,hERG_Toxicity_Prob,lower is better,0.0166221335530281,CC1(C)C(=O)OC(c2cccn2-c2ccc([N+](=O)[O-])cc2)C2(CCCCC2)C1=O
baseline-greedy-default,Caco2_logPapp,higher is better,-4.305072784423828,O=C1N/C(=C\c2ccccc2)c2ccccc21
baseline-greedy-default,Half_Life_hours,higher is better,33.25513458251953,Nc1ncnc(C#Cc2ccccc2)c1-c1ccc(Cl)cc1
baseline-greedy-default,Selectivity_Index,higher is better,3.061,Cc1cc(C)c(S(=O)(=O)Nc2ccc(-c3ccc(N4CCCCC4)nn3)cc2)cc1C
baseline-greedy-default,Selectivity_Index_LE,higher is better,0.0987419354838709,Cc1cc(C)c(S(=O)(=O)Nc2ccc(-c3ccc(N4CCCCC4)nn3)cc2)cc1C
baseline-greedy-permissive,PfDHFR_Docking,lower is better,-10.03,Cc1ccc(NC(=O)c2[nH]cnc2C(=O)N2CCCCC2)c(C(=O)c2ccccc2)c1
baseline-greedy-permissive,hDHFR_Docking,higher is better,-5.432,Cc1cc(C)c(S(=O)(=O)Nc2ccc(-c3ccc(N4CCCCC4)nn3)cc2)cc1C
baseline-greedy-permissive,hERG_Toxicity_Prob,lower is better,0.0120491255074739,Cc1ccc(C(=O)NNC(=O)c2ccc(NC(=O)C(C)(C)C)cc2)cc1
baseline-greedy-permissive,Caco2_logPapp,higher is better,-4.359720706939697,CCc1nn(CC(=O)N2CCN(c3cccc(C)c3C)CC2)c(=O)c2cc3occc3n12
baseline-greedy-permissive,Half_Life_hours,higher is better,24.24139404296875,O=c1c(-c2ccco2)nnc2n1CCN2c1ccc(Cl)cc1
baseline-greedy-permissive,Selectivity_Index,higher is better,3.061,Cc1cc(C)c(S(=O)(=O)Nc2ccc(-c3ccc(N4CCCCC4)nn3)cc2)cc1C
baseline-greedy-permissive,Selectivity_Index_LE,higher is better,0.0987419354838709,Cc1cc(C)c(S(=O)(=O)Nc2ccc(-c3ccc(N4CCCCC4)nn3)cc2)cc1C
baseline-random,PfDHFR_Docking,lower is better,-10.48,Cc1cc(S(=O)(=O)n2cnc3ccccc32)c(C)cc1Cl
baseline-random,hDHFR_Docking,higher is better,-4.085,COc1ccc(CC2=NN3C(=NN(C(C)=O)C3(C)c3ccc(C)cc3)N(N(C(C)=O)C(C)=O)C2=O)cc1
baseline-random,hERG_Toxicity_Prob,lower is better,0.0206728782504796,N=c1oc2cc(O)ccc2cc1C(N)=O
baseline-random,Caco2_logPapp,higher is better,-4.273344039916992,O=c1c2ccccc2nc(-n2ccnc2)n1-c1ccc(Cl)cc1
baseline-random,Half_Life_hours,higher is better,23.939517974853516,CSCCC(NS(=O)(=O)c1cccc(C(F)(F)F)c1)C(=O)N(C)CCOc1ccc(Cl)cc1
baseline-random,Selectivity_Index,higher is better,3.2219999999999995,O=C(NC(=O)c1ccc(Cl)cc1)Nc1ccc2c(c1)NC(=O)/C2=C\c1ccc[nH]1
baseline-random,Selectivity_Index_LE,higher is better,0.111103448275862,O=C(NC(=O)c1ccc(Cl)cc1)Nc1ccc2c(c1)NC(=O)/C2=C\c1ccc[nH]1
baseline-single-obj,PfDHFR_Docking,lower is better,-10.9,O=C1CCc2c1c1cccc(F)c1n1c(=O)c3ccccc3n21
baseline-single-obj,hDHFR_Docking,higher is better,-3.75,O=C(N[C@H]1Cc2ccccc2[C@H]1NC(=O)c1ccc(-n2ccccc2=O)cc1)c1ccc2c(Cl)c[nH]c2c1
baseline-single-obj,hERG_Toxicity_Prob,lower is better,0.0448356606066226,Nc1nc(N)nc(-c2ccccc2I)n1
baseline-single-obj,Caco2_logPapp,higher is better,-4.186954975128174,c1ccc(-c2nc3ccccn3c2-c2ccccc2)cc1
baseline-single-obj,Half_Life_hours,higher is better,24.057815551757812,O=c1c2ccccc2oc2cccc(NCCN3CCCCC3)c12
baseline-single-obj,Selectivity_Index,higher is better,4.503,O=C(N[C@H]1Cc2ccccc2[C@H]1NC(=O)c1ccc(-n2ccccc2=O)cc1)c1ccc2c(Cl)c[nH]c2c1
baseline-single-obj,Selectivity_Index_LE,higher is better,0.1185,O=C(N[C@H]1Cc2ccccc2[C@H]1NC(=O)c1ccc(-n2ccccc2=O)cc1)c1ccc2c(Cl)c[nH]c2c1
bo-coreg-r1-densify-every1,PfDHFR_Docking,lower is better,-10.79,C#CC(C(=O)NC(=O)c1cccc2c1-c1ccccc1C2=O)C(C)(C)C
bo-coreg-r1-densify-every1,hDHFR_Docking,higher is better,5.694,O=C1c2ccccc2C[C@]12[C@@H](c1cccs1)[C@@H]1CSCN1[C@@]21C(=O)Nc2ccccc21
bo-coreg-r1-densify-every1,hERG_Toxicity_Prob,lower is better,0.02254094555974,Nc1ccc(C#Cc2nc(Cl)nc(N)c2-c2ccc(Cl)cc2)c(N)c1N
bo-coreg-r1-densify-every1,Caco2_logPapp,higher is better,-4.064852237701416,CC[C@@H](c1ccccc1)N1C(=O)c2c(F)c(F)c(F)c(F)c2C1=O
bo-coreg-r1-densify-every1,Half_Life_hours,higher is better,54.5809211730957,Nc1ccc(Cl)c(N)c1C#Cc1nc(Cl)nc(N)c1-c1ccc(Cl)cc1
bo-coreg-r1-densify-every1,Selectivity_Index,higher is better,8.2,O=C1c2ccccc2C[C@]12[C@@H](c1cccs1)[C@@H]1CSCN1[C@@]21C(=O)Nc2ccccc21
bo-coreg-r1-densify-every1,Selectivity_Index_LE,higher is better,0.2645161290322581,O=C1c2ccccc2C[C@]12[C@@H](c1cccs1)[C@@H]1CSCN1[C@@]21C(=O)Nc2ccccc21
bo-coreg-r1-densify-every2-cap,PfDHFR_Docking,lower is better,-10.39,CC[C@@H](c1ccc(Cl)cc1)N1C(=O)c2c(F)c(F)c(F)c(F)c2C1=O
bo-coreg-r1-densify-every2-cap,hDHFR_Docking,higher is better,5.694,O=C1c2ccccc2C[C@]12[C@@H](c1cccs1)[C@@H]1CSCN1[C@@]21C(=O)Nc2ccccc21
bo-coreg-r1-densify-every2-cap,hERG_Toxicity_Prob,lower is better,0.0144687369465827,C#CC(C(=O)Nc1ccc(-c2ccc([N+](=O)[O-])cc2[N+](=O)[O-])cc1)C(C)(C)C
bo-coreg-r1-densify-every2-cap,Caco2_logPapp,higher is better,-3.916772365570069,CC[C@@H](c1ccc(Cl)cc1)N1C(=O)c2c(F)c(F)c(F)c(F)c2C1=O
bo-coreg-r1-densify-every2-cap,Half_Life_hours,higher is better,50.26958084106445,Nc1nc(N)c(-c2ccc(Cl)cc2)c(C#Cc2ccc(F)cc2)n1
bo-coreg-r1-densify-every2-cap,Selectivity_Index,higher is better,8.2,O=C1c2ccccc2C[C@]12[C@@H](c1cccs1)[C@@H]1CSCN1[C@@]21C(=O)Nc2ccccc21
bo-coreg-r1-densify-every2-cap,Selectivity_Index_LE,higher is better,0.2645161290322581,O=C1c2ccccc2C[C@]12[C@@H](c1cccs1)[C@@H]1CSCN1[C@@]21C(=O)Nc2ccccc21
bo-coreg-r1-nodensify,PfDHFR_Docking,lower is better,-11.17,Nc1cccc2c1C1c3ccccc3C2C2C(=O)NC(=O)C12
bo-coreg-r1-nodensify,hDHFR_Docking,higher is better,5.694,O=C1c2ccccc2C[C@]12[C@@H](c1cccs1)[C@@H]1CSCN1[C@@]21C(=O)Nc2ccccc21
bo-coreg-r1-nodensify,hERG_Toxicity_Prob,lower is better,0.0120491255074739,Cc1ccc(C(=O)NNC(=O)c2ccc(NC(=O)C(C)(C)C)cc2)cc1
bo-coreg-r1-nodensify,Caco2_logPapp,higher is better,-4.003200054168701,CN1C(=O)/C(=C/c2cccc(/C=C3/C(=O)N(C)c4ccccc43)n2)c2ccccc21
bo-coreg-r1-nodensify,Half_Life_hours,higher is better,41.82512664794922,Clc1ccc2c(N/N=C/c3ccc4c(c3)OCO4)ccnc2c1
bo-coreg-r1-nodensify,Selectivity_Index,higher is better,8.2,O=C1c2ccccc2C[C@]12[C@@H](c1cccs1)[C@@H]1CSCN1[C@@]21C(=O)Nc2ccccc21
bo-coreg-r1-nodensify,Selectivity_Index_LE,higher is better,0.2645161290322581,O=C1c2ccccc2C[C@]12[C@@H](c1cccs1)[C@@H]1CSCN1[C@@]21C(=O)Nc2ccccc21
bo-coreg-r2-densify-every1,PfDHFR_Docking,lower is better,-10.81,COc1cc(C)c(N2C(=O)/C(=C3/C(=O)Nc4c(F)ccc(N)c43)c3ccccc32)c(Cl)c1
bo-coreg-r2-densify-every1,hDHFR_Docking,higher is better,5.694,O=C1c2ccccc2C[C@]12[C@@H](c1cccs1)[C@@H]1CSCN1[C@@]21C(=O)Nc2ccccc21
bo-coreg-r2-densify-every1,hERG_Toxicity_Prob,lower is better,0.0158726926892995,C#CC(C(=O)Nc1cc(N)c(-c2nccc(F)c2N)cc1F)C(C)(C)C
bo-coreg-r2-densify-every1,Caco2_logPapp,higher is better,-3.916772365570069,CC[C@@H](c1ccc(Cl)cc1)N1C(=O)c2c(F)c(F)c(F)c(F)c2C1=O
bo-coreg-r2-densify-every1,Half_Life_hours,higher is better,54.98917770385742,COc1cc(Cl)c(N2C(=O)/C(=C3/C(=O)Nc4c(F)ccc(N)c43)c3ccccc32)cc1C
bo-coreg-r2-densify-every1,Selectivity_Index,higher is better,8.2,O=C1c2ccccc2C[C@]12[C@@H](c1cccs1)[C@@H]1CSCN1[C@@]21C(=O)Nc2ccccc21
bo-coreg-r2-densify-every1,Selectivity_Index_LE,higher is better,0.2645161290322581,O=C1c2ccccc2C[C@]12[C@@H](c1cccs1)[C@@H]1CSCN1[C@@]21C(=O)Nc2ccccc21
bo-coreg-r2-densify-every2-cap,PfDHFR_Docking,lower is better,-10.39,CC[C@@H](c1ccc(Cl)cc1)N1C(=O)c2c(F)c(F)c(F)c(F)c2C1=O
bo-coreg-r2-densify-every2-cap,hDHFR_Docking,higher is better,5.694,O=C1c2ccccc2C[C@]12[C@@H](c1cccs1)[C@@H]1CSCN1[C@@]21C(=O)Nc2ccccc21
bo-coreg-r2-densify-every2-cap,hERG_Toxicity_Prob,lower is better,0.0144687369465827,C#CC(C(=O)Nc1ccc(-c2ccc([N+](=O)[O-])cc2[N+](=O)[O-])cc1)C(C)(C)C
bo-coreg-r2-densify-every2-cap,Caco2_logPapp,higher is better,-3.916772365570069,CC[C@@H](c1ccc(Cl)cc1)N1C(=O)c2c(F)c(F)c(F)c(F)c2C1=O
bo-coreg-r2-densify-every2-cap,Half_Life_hours,higher is better,50.26958084106445,Nc1nc(N)c(-c2ccc(Cl)cc2)c(C#Cc2ccc(F)cc2)n1
bo-coreg-r2-densify-every2-cap,Selectivity_Index,higher is better,8.2,O=C1c2ccccc2C[C@]12[C@@H](c1cccs1)[C@@H]1CSCN1[C@@]21C(=O)Nc2ccccc21
bo-coreg-r2-densify-every2-cap,Selectivity_Index_LE,higher is better,0.2645161290322581,O=C1c2ccccc2C[C@]12[C@@H](c1cccs1)[C@@H]1CSCN1[C@@]21C(=O)Nc2ccccc21
bo-coreg-r2-nodensify,PfDHFR_Docking,lower is better,-11.17,Nc1cccc2c1C1c3ccccc3C2C2C(=O)NC(=O)C12
bo-coreg-r2-nodensify,hDHFR_Docking,higher is better,5.694,O=C1c2ccccc2C[C@]12[C@@H](c1cccs1)[C@@H]1CSCN1[C@@]21C(=O)Nc2ccccc21
bo-coreg-r2-nodensify,hERG_Toxicity_Prob,lower is better,0.0120491255074739,Cc1ccc(C(=O)NNC(=O)c2ccc(NC(=O)C(C)(C)C)cc2)cc1
bo-coreg-r2-nodensify,Caco2_logPapp,higher is better,-4.003200054168701,CN1C(=O)/C(=C/c2cccc(/C=C3/C(=O)N(C)c4ccccc43)n2)c2ccccc21
bo-coreg-r2-nodensify,Half_Life_hours,higher is better,41.82512664794922,Clc1ccc2c(N/N=C/c3ccc4c(c3)OCO4)ccnc2c1
bo-coreg-r2-nodensify,Selectivity_Index,higher is better,8.2,O=C1c2ccccc2C[C@]12[C@@H](c1cccs1)[C@@H]1CSCN1[C@@]21C(=O)Nc2ccccc21
bo-coreg-r2-nodensify,Selectivity_Index_LE,higher is better,0.2645161290322581,O=C1c2ccccc2C[C@]12[C@@H](c1cccs1)[C@@H]1CSCN1[C@@]21C(=O)Nc2ccccc21
bo-independent-densify-every1,PfDHFR_Docking,lower is better,-10.12,CC[C@@H](c1ccccc1)N1C(=O)c2c(F)c(F)c(F)c(Br)c2C1=O
bo-independent-densify-every1,hDHFR_Docking,higher is better,5.694,O=C1c2ccccc2C[C@]12[C@@H](c1cccs1)[C@@H]1CSCN1[C@@]21C(=O)Nc2ccccc21
bo-independent-densify-every1,hERG_Toxicity_Prob,lower is better,0.0140067180618643,C#CC(C(=O)Nc1ccc(-c2ncc(F)cc2N)c(N)c1N)C(C)(C)C
bo-independent-densify-every1,Caco2_logPapp,higher is better,-4.064852237701416,CC[C@@H](c1ccccc1)N1C(=O)c2c(F)c(F)c(F)c(Br)c2C1=O
bo-independent-densify-every1,Half_Life_hours,higher is better,50.26958084106445,Nc1nc(Cl)nc(C#Cc2ccc(F)cc2)c1-c1ccc(Cl)cc1
bo-independent-densify-every1,Selectivity_Index,higher is better,8.2,O=C1c2ccccc2C[C@]12[C@@H](c1cccs1)[C@@H]1CSCN1[C@@]21C(=O)Nc2ccccc21
bo-independent-densify-every1,Selectivity_Index_LE,higher is better,0.2645161290322581,O=C1c2ccccc2C[C@]12[C@@H](c1cccs1)[C@@H]1CSCN1[C@@]21C(=O)Nc2ccccc21
bo-independent-densify-every2-cap,PfDHFR_Docking,lower is better,-10.49,COc1ccc(N2C(=O)/C(=C3/C(=O)Nc4cccc(C)c43)c3ccccc32)cc1
bo-independent-densify-every2-cap,hDHFR_Docking,higher is better,5.694,O=C1c2ccccc2C[C@]12[C@@H](c1cccs1)[C@@H]1CSCN1[C@@]21C(=O)Nc2ccccc21
bo-independent-densify-every2-cap,hERG_Toxicity_Prob,lower is better,0.0216533150523901,NC(=O)c1ccc(-n2cc(-c3ccc(Cl)cc3)cn2)cc1
bo-independent-densify-every2-cap,Caco2_logPapp,higher is better,-3.916772365570069,CC[C@@H](c1ccc(Cl)cc1)N1C(=O)c2c(F)c(F)c(F)c(F)c2C1=O
bo-independent-densify-every2-cap,Half_Life_hours,higher is better,62.47826385498047,CC(=O)Nc1cc(N)cc2c1-c1ccccc1C2=O
bo-independent-densify-every2-cap,Selectivity_Index,higher is better,8.2,O=C1c2ccccc2C[C@]12[C@@H](c1cccs1)[C@@H]1CSCN1[C@@]21C(=O)Nc2ccccc21
bo-independent-densify-every2-cap,Selectivity_Index_LE,higher is better,0.2645161290322581,O=C1c2ccccc2C[C@]12[C@@H](c1cccs1)[C@@H]1CSCN1[C@@]21C(=O)Nc2ccccc21
bo-independent-nodensify,PfDHFR_Docking,lower is better,-11.17,Nc1cccc2c1C1c3ccccc3C2C2C(=O)NC(=O)C12
bo-independent-nodensify,hDHFR_Docking,higher is better,5.694,O=C1c2ccccc2C[C@]12[C@@H](c1cccs1)[C@@H]1CSCN1[C@@]21C(=O)Nc2ccccc21
bo-independent-nodensify,hERG_Toxicity_Prob,lower is better,0.0120491255074739,Cc1ccc(C(=O)NNC(=O)c2ccc(NC(=O)C(C)(C)C)cc2)cc1
bo-independent-nodensify,Caco2_logPapp,higher is better,-4.003200054168701,CN1C(=O)/C(=C/c2cccc(/C=C3/C(=O)N(C)c4ccccc43)n2)c2ccccc21
bo-independent-nodensify,Half_Life_hours,higher is better,42.01264953613281,Clc1ccc(C(NCC2CCCCC2)c2cccnc2)cc1
bo-independent-nodensify,Selectivity_Index,higher is better,8.2,O=C1c2ccccc2C[C@]12[C@@H](c1cccs1)[C@@H]1CSCN1[C@@]21C(=O)Nc2ccccc21
bo-independent-nodensify,Selectivity_Index_LE,higher is better,0.2645161290322581,O=C1c2ccccc2C[C@]12[C@@H](c1cccs1)[C@@H]1CSCN1[C@@]21C(=O)Nc2ccccc21
harness-seeds-band-ci95/greedy/seed_0,PfDHFR_Docking,lower is better,-10.86,CC(C)Oc1ccc2c(c1)C(c1ccc3c(c1)OCO3)=C(C(=O)O)C(c1ccc3c(c1)OCO3)O2
harness-seeds-band-ci95/greedy/seed_0,hDHFR_Docking,higher is better,-4.085,COc1ccc(CC2=NN3C(=NN(C(C)=O)C3(C)c3ccc(C)cc3)N(N(C(C)=O)C(C)=O)C2=O)cc1
harness-seeds-band-ci95/greedy/seed_0,hERG_Toxicity_Prob,lower is better,0.0343668535351753,C[C@@H]1C(=O)O[C@@H]2O[C@@]3(C)CC[C@H]4[C@H](C)CC[C@@H]1[C@@]24O3
harness-seeds-band-ci95/greedy/seed_0,Caco2_logPapp,higher is better,-4.3804931640625,C[C@H](Nc1nc(C(N)=O)cc(-c2ccc(Oc3ccc(F)cc3)cc2)n1)C(N)=O
harness-seeds-band-ci95/greedy/seed_0,Half_Life_hours,higher is better,33.25513458251953,Nc1ncnc(C#Cc2ccccc2)c1-c1ccc(Cl)cc1
harness-seeds-band-ci95/greedy/seed_0,Selectivity_Index,higher is better,2.7829999999999995,COc1ccc(S(=O)(=O)N2Cc3ccccc3CC2C(=O)N2CCOCC2)cc1OC
harness-seeds-band-ci95/greedy/seed_0,Selectivity_Index_LE,higher is better,0.089774193548387,COc1ccc(S(=O)(=O)N2Cc3ccccc3CC2C(=O)N2CCOCC2)cc1OC
harness-seeds-band-ci95/mogp/seed_0,PfDHFR_Docking,lower is better,-11.17,Nc1cccc2c1C1c3ccccc3C2C2C(=O)NC(=O)C12
harness-seeds-band-ci95/mogp/seed_0,hDHFR_Docking,higher is better,5.694,O=C1c2ccccc2C[C@]12[C@@H](c1cccs1)[C@@H]1CSCN1[C@@]21C(=O)Nc2ccccc21
harness-seeds-band-ci95/mogp/seed_0,hERG_Toxicity_Prob,lower is better,0.0120491255074739,Cc1ccc(C(=O)NNC(=O)c2ccc(NC(=O)C(C)(C)C)cc2)cc1
harness-seeds-band-ci95/mogp/seed_0,Caco2_logPapp,higher is better,-4.003200054168701,CN1C(=O)/C(=C/c2cccc(/C=C3/C(=O)N(C)c4ccccc43)n2)c2ccccc21
harness-seeds-band-ci95/mogp/seed_0,Half_Life_hours,higher is better,41.82512664794922,Clc1ccc2c(N/N=C/c3ccc4c(c3)OCO4)ccnc2c1
harness-seeds-band-ci95/mogp/seed_0,Selectivity_Index,higher is better,8.2,O=C1c2ccccc2C[C@]12[C@@H](c1cccs1)[C@@H]1CSCN1[C@@]21C(=O)Nc2ccccc21
harness-seeds-band-ci95/mogp/seed_0,Selectivity_Index_LE,higher is better,0.2645161290322581,O=C1c2ccccc2C[C@]12[C@@H](c1cccs1)[C@@H]1CSCN1[C@@]21C(=O)Nc2ccccc21
harness-seeds-band-ci95/random/seed_0,PfDHFR_Docking,lower is better,-10.49,O=S(=O)(c1ccc(Cl)cc1)n1c(Cc2ccccc2)nc2ccccc21
harness-seeds-band-ci95/random/seed_0,hDHFR_Docking,higher is better,0.3932,O=C(Nc1nc2c(N3CCOCC3)ccnn2c1-c1ccc(N2CCNCC2)nc1)c1ccc2ccccc2n1
harness-seeds-band-ci95/random/seed_0,hERG_Toxicity_Prob,lower is better,0.0144296772778034,O=C(O)CC[C@H](NP(=O)(O)O)C(=O)O
harness-seeds-band-ci95/random/seed_0,Caco2_logPapp,higher is better,-4.325833797454834,COc1ccc(-n2c(=O)c(C)nc3cnc(OC)nc32)cc1
harness-seeds-band-ci95/random/seed_0,Half_Life_hours,higher is better,26.15476417541504,CNc1ncc2ncnc(Nc3cc(C(=O)Nc4cc(C(C)(C)C)on4)ccc3F)c2n1
harness-seeds-band-ci95/random/seed_0,Selectivity_Index,higher is better,6.841200000000001,O=C(Nc1nc2c(N3CCOCC3)ccnn2c1-c1ccc(N2CCNCC2)nc1)c1ccc2ccccc2n1
harness-seeds-band-ci95/random/seed_0,Selectivity_Index_LE,higher is better,0.17103,O=C(Nc1nc2c(N3CCOCC3)ccnn2c1-c1ccc(N2CCNCC2)nc1)c1ccc2ccccc2n1
harness-seeds-band-ci95/single_obj/seed_0,PfDHFR_Docking,lower is better,-11.01,O=C(c1cnn2c(C(F)(F)F)cc(-c3ccc(F)cc3)nc12)N1CCc2ccccc2C1
harness-seeds-band-ci95/single_obj/seed_0,hDHFR_Docking,higher is better,-5.295,CS(=O)(=O)c1ccc2nc(-c3ccc(-c4cccs4)cc3)[nH]c2c1
harness-seeds-band-ci95/single_obj/seed_0,hERG_Toxicity_Prob,lower is better,0.0292716156691312,CC(=O)Nc1ccc(/C=N/NC(N)=S)cc1
harness-seeds-band-ci95/single_obj/seed_0,Caco2_logPapp,higher is better,-4.086654186248779,Cc1ccc(C2=C(c3ccc(F)cc3)C(=O)OC2)cc1
harness-seeds-band-ci95/single_obj/seed_0,Half_Life_hours,higher is better,26.15476417541504,CNc1ncc2ncnc(Nc3cc(C(=O)Nc4cc(C(C)(C)C)on4)ccc3F)c2n1
harness-seeds-band-ci95/single_obj/seed_0,Selectivity_Index,higher is better,2.3659999999999997,CC(C)(C)c1cc(NC(=O)c2ccc(F)c(Nc3ncnc4cnc(N5CCCCC5)nc34)c2)no1
harness-seeds-band-ci95/single_obj/seed_0,Selectivity_Index_LE,higher is better,0.0737083333333333,CS(=O)(=O)c1ccc2nc(-c3ccc(-c4cccs4)cc3)[nH]c2c1
harness-seeds-band-sem/greedy/seed_0,PfDHFR_Docking,lower is better,-10.86,CC(C)Oc1ccc2c(c1)C(c1ccc3c(c1)OCO3)=C(C(=O)O)C(c1ccc3c(c1)OCO3)O2
harness-seeds-band-sem/greedy/seed_0,hDHFR_Docking,higher is better,-4.085,COc1ccc(CC2=NN3C(=NN(C(C)=O)C3(C)c3ccc(C)cc3)N(N(C(C)=O)C(C)=O)C2=O)cc1
harness-seeds-band-sem/greedy/seed_0,hERG_Toxicity_Prob,lower is better,0.0343668535351753,C[C@@H]1C(=O)O[C@@H]2O[C@@]3(C)CC[C@H]4[C@H](C)CC[C@@H]1[C@@]24O3
harness-seeds-band-sem/greedy/seed_0,Caco2_logPapp,higher is better,-4.3804931640625,C[C@H](Nc1nc(C(N)=O)cc(-c2ccc(Oc3ccc(F)cc3)cc2)n1)C(N)=O
harness-seeds-band-sem/greedy/seed_0,Half_Life_hours,higher is better,33.25513458251953,Nc1ncnc(C#Cc2ccccc2)c1-c1ccc(Cl)cc1
harness-seeds-band-sem/greedy/seed_0,Selectivity_Index,higher is better,2.7829999999999995,COc1ccc(S(=O)(=O)N2Cc3ccccc3CC2C(=O)N2CCOCC2)cc1OC
harness-seeds-band-sem/greedy/seed_0,Selectivity_Index_LE,higher is better,0.089774193548387,COc1ccc(S(=O)(=O)N2Cc3ccccc3CC2C(=O)N2CCOCC2)cc1OC
harness-seeds-band-sem/mogp/seed_0,PfDHFR_Docking,lower is better,-11.17,Nc1cccc2c1C1c3ccccc3C2C2C(=O)NC(=O)C12
harness-seeds-band-sem/mogp/seed_0,hDHFR_Docking,higher is better,5.694,O=C1c2ccccc2C[C@]12[C@@H](c1cccs1)[C@@H]1CSCN1[C@@]21C(=O)Nc2ccccc21
harness-seeds-band-sem/mogp/seed_0,hERG_Toxicity_Prob,lower is better,0.0120491255074739,Cc1ccc(C(=O)NNC(=O)c2ccc(NC(=O)C(C)(C)C)cc2)cc1
harness-seeds-band-sem/mogp/seed_0,Caco2_logPapp,higher is better,-4.003200054168701,CN1C(=O)/C(=C/c2cccc(/C=C3/C(=O)N(C)c4ccccc43)n2)c2ccccc21
harness-seeds-band-sem/mogp/seed_0,Half_Life_hours,higher is better,41.82512664794922,Clc1ccc2c(N/N=C/c3ccc4c(c3)OCO4)ccnc2c1
harness-seeds-band-sem/mogp/seed_0,Selectivity_Index,higher is better,8.2,O=C1c2ccccc2C[C@]12[C@@H](c1cccs1)[C@@H]1CSCN1[C@@]21C(=O)Nc2ccccc21
harness-seeds-band-sem/mogp/seed_0,Selectivity_Index_LE,higher is better,0.2645161290322581,O=C1c2ccccc2C[C@]12[C@@H](c1cccs1)[C@@H]1CSCN1[C@@]21C(=O)Nc2ccccc21
harness-seeds-band-sem/random/seed_0,PfDHFR_Docking,lower is better,-10.49,O=S(=O)(c1ccc(Cl)cc1)n1c(Cc2ccccc2)nc2ccccc21
harness-seeds-band-sem/random/seed_0,hDHFR_Docking,higher is better,0.3932,O=C(Nc1nc2c(N3CCOCC3)ccnn2c1-c1ccc(N2CCNCC2)nc1)c1ccc2ccccc2n1
harness-seeds-band-sem/random/seed_0,hERG_Toxicity_Prob,lower is better,0.0144296772778034,O=C(O)CC[C@H](NP(=O)(O)O)C(=O)O
harness-seeds-band-sem/random/seed_0,Caco2_logPapp,higher is better,-4.325833797454834,COc1ccc(-n2c(=O)c(C)nc3cnc(OC)nc32)cc1
harness-seeds-band-sem/random/seed_0,Half_Life_hours,higher is better,26.15476417541504,CNc1ncc2ncnc(Nc3cc(C(=O)Nc4cc(C(C)(C)C)on4)ccc3F)c2n1
harness-seeds-band-sem/random/seed_0,Selectivity_Index,higher is better,6.841200000000001,O=C(Nc1nc2c(N3CCOCC3)ccnn2c1-c1ccc(N2CCNCC2)nc1)c1ccc2ccccc2n1
harness-seeds-band-sem/random/seed_0,Selectivity_Index_LE,higher is better,0.17103,O=C(Nc1nc2c(N3CCOCC3)ccnn2c1-c1ccc(N2CCNCC2)nc1)c1ccc2ccccc2n1
harness-seeds-band-sem/single_obj/seed_0,PfDHFR_Docking,lower is better,-11.01,O=C(c1cnn2c(C(F)(F)F)cc(-c3ccc(F)cc3)nc12)N1CCc2ccccc2C1
harness-seeds-band-sem/single_obj/seed_0,hDHFR_Docking,higher is better,-5.295,CS(=O)(=O)c1ccc2nc(-c3ccc(-c4cccs4)cc3)[nH]c2c1
harness-seeds-band-sem/single_obj/seed_0,hERG_Toxicity_Prob,lower is better,0.0292716156691312,CC(=O)Nc1ccc(/C=N/NC(N)=S)cc1
harness-seeds-band-sem/single_obj/seed_0,Caco2_logPapp,higher is better,-4.086654186248779,Cc1ccc(C2=C(c3ccc(F)cc3)C(=O)OC2)cc1
harness-seeds-band-sem/single_obj/seed_0,Half_Life_hours,higher is better,26.15476417541504,CNc1ncc2ncnc(Nc3cc(C(=O)Nc4cc(C(C)(C)C)on4)ccc3F)c2n1
harness-seeds-band-sem/single_obj/seed_0,Selectivity_Index,higher is better,2.3659999999999997,CC(C)(C)c1cc(NC(=O)c2ccc(F)c(Nc3ncnc4cnc(N5CCCCC5)nc34)c2)no1
harness-seeds-band-sem/single_obj/seed_0,Selectivity_Index_LE,higher is better,0.0737083333333333,CS(=O)(=O)c1ccc2nc(-c3ccc(-c4cccs4)cc3)[nH]c2c1
harness-seeds-band-std/greedy/seed_0,PfDHFR_Docking,lower is better,-10.86,CC(C)Oc1ccc2c(c1)C(c1ccc3c(c1)OCO3)=C(C(=O)O)C(c1ccc3c(c1)OCO3)O2
harness-seeds-band-std/greedy/seed_0,hDHFR_Docking,higher is better,-4.085,COc1ccc(CC2=NN3C(=NN(C(C)=O)C3(C)c3ccc(C)cc3)N(N(C(C)=O)C(C)=O)C2=O)cc1
harness-seeds-band-std/greedy/seed_0,hERG_Toxicity_Prob,lower is better,0.0343668535351753,C[C@@H]1C(=O)O[C@@H]2O[C@@]3(C)CC[C@H]4[C@H](C)CC[C@@H]1[C@@]24O3
harness-seeds-band-std/greedy/seed_0,Caco2_logPapp,higher is better,-4.3804931640625,C[C@H](Nc1nc(C(N)=O)cc(-c2ccc(Oc3ccc(F)cc3)cc2)n1)C(N)=O
harness-seeds-band-std/greedy/seed_0,Half_Life_hours,higher is better,33.25513458251953,Nc1ncnc(C#Cc2ccccc2)c1-c1ccc(Cl)cc1
harness-seeds-band-std/greedy/seed_0,Selectivity_Index,higher is better,2.7829999999999995,COc1ccc(S(=O)(=O)N2Cc3ccccc3CC2C(=O)N2CCOCC2)cc1OC
harness-seeds-band-std/greedy/seed_0,Selectivity_Index_LE,higher is better,0.089774193548387,COc1ccc(S(=O)(=O)N2Cc3ccccc3CC2C(=O)N2CCOCC2)cc1OC
harness-seeds-band-std/mogp/seed_0,PfDHFR_Docking,lower is better,-11.17,Nc1cccc2c1C1c3ccccc3C2C2C(=O)NC(=O)C12
harness-seeds-band-std/mogp/seed_0,hDHFR_Docking,higher is better,5.694,O=C1c2ccccc2C[C@]12[C@@H](c1cccs1)[C@@H]1CSCN1[C@@]21C(=O)Nc2ccccc21
harness-seeds-band-std/mogp/seed_0,hERG_Toxicity_Prob,lower is better,0.0120491255074739,Cc1ccc(C(=O)NNC(=O)c2ccc(NC(=O)C(C)(C)C)cc2)cc1
harness-seeds-band-std/mogp/seed_0,Caco2_logPapp,higher is better,-4.003200054168701,CN1C(=O)/C(=C/c2cccc(/C=C3/C(=O)N(C)c4ccccc43)n2)c2ccccc21
harness-seeds-band-std/mogp/seed_0,Half_Life_hours,higher is better,41.82512664794922,Clc1ccc2c(N/N=C/c3ccc4c(c3)OCO4)ccnc2c1
harness-seeds-band-std/mogp/seed_0,Selectivity_Index,higher is better,8.2,O=C1c2ccccc2C[C@]12[C@@H](c1cccs1)[C@@H]1CSCN1[C@@]21C(=O)Nc2ccccc21
harness-seeds-band-std/mogp/seed_0,Selectivity_Index_LE,higher is better,0.2645161290322581,O=C1c2ccccc2C[C@]12[C@@H](c1cccs1)[C@@H]1CSCN1[C@@]21C(=O)Nc2ccccc21
harness-seeds-band-std/random/seed_0,PfDHFR_Docking,lower is better,-10.49,O=S(=O)(c1ccc(Cl)cc1)n1c(Cc2ccccc2)nc2ccccc21
harness-seeds-band-std/random/seed_0,hDHFR_Docking,higher is better,0.3932,O=C(Nc1nc2c(N3CCOCC3)ccnn2c1-c1ccc(N2CCNCC2)nc1)c1ccc2ccccc2n1
harness-seeds-band-std/random/seed_0,hERG_Toxicity_Prob,lower is better,0.0144296772778034,O=C(O)CC[C@H](NP(=O)(O)O)C(=O)O
harness-seeds-band-std/random/seed_0,Caco2_logPapp,higher is better,-4.325833797454834,COc1ccc(-n2c(=O)c(C)nc3cnc(OC)nc32)cc1
harness-seeds-band-std/random/seed_0,Half_Life_hours,higher is better,26.15476417541504,CNc1ncc2ncnc(Nc3cc(C(=O)Nc4cc(C(C)(C)C)on4)ccc3F)c2n1
harness-seeds-band-std/random/seed_0,Selectivity_Index,higher is better,6.841200000000001,O=C(Nc1nc2c(N3CCOCC3)ccnn2c1-c1ccc(N2CCNCC2)nc1)c1ccc2ccccc2n1
harness-seeds-band-std/random/seed_0,Selectivity_Index_LE,higher is better,0.17103,O=C(Nc1nc2c(N3CCOCC3)ccnn2c1-c1ccc(N2CCNCC2)nc1)c1ccc2ccccc2n1
harness-seeds-band-std/single_obj/seed_0,PfDHFR_Docking,lower is better,-11.01,O=C(c1cnn2c(C(F)(F)F)cc(-c3ccc(F)cc3)nc12)N1CCc2ccccc2C1
harness-seeds-band-std/single_obj/seed_0,hDHFR_Docking,higher is better,-5.295,CS(=O)(=O)c1ccc2nc(-c3ccc(-c4cccs4)cc3)[nH]c2c1
harness-seeds-band-std/single_obj/seed_0,hERG_Toxicity_Prob,lower is better,0.0292716156691312,CC(=O)Nc1ccc(/C=N/NC(N)=S)cc1
harness-seeds-band-std/single_obj/seed_0,Caco2_logPapp,higher is better,-4.086654186248779,Cc1ccc(C2=C(c3ccc(F)cc3)C(=O)OC2)cc1
harness-seeds-band-std/single_obj/seed_0,Half_Life_hours,higher is better,26.15476417541504,CNc1ncc2ncnc(Nc3cc(C(=O)Nc4cc(C(C)(C)C)on4)ccc3F)c2n1
harness-seeds-band-std/single_obj/seed_0,Selectivity_Index,higher is better,2.3659999999999997,CC(C)(C)c1cc(NC(=O)c2ccc(F)c(Nc3ncnc4cnc(N5CCCCC5)nc34)c2)no1
harness-seeds-band-std/single_obj/seed_0,Selectivity_Index_LE,higher is better,0.0737083333333333,CS(=O)(=O)c1ccc2nc(-c3ccc(-c4cccs4)cc3)[nH]c2c1
harness-seeds-densify/greedy/seed_0,PfDHFR_Docking,lower is better,-10.86,CC(C)Oc1ccc2c(c1)C(c1ccc3c(c1)OCO3)=C(C(=O)O)C(c1ccc3c(c1)OCO3)O2
harness-seeds-densify/greedy/seed_0,hDHFR_Docking,higher is better,-4.085,COc1ccc(CC2=NN3C(=NN(C(C)=O)C3(C)c3ccc(C)cc3)N(N(C(C)=O)C(C)=O)C2=O)cc1
harness-seeds-densify/greedy/seed_0,hERG_Toxicity_Prob,lower is better,0.0343668535351753,C[C@@H]1C(=O)O[C@@H]2O[C@@]3(C)CC[C@H]4[C@H](C)CC[C@@H]1[C@@]24O3
harness-seeds-densify/greedy/seed_0,Caco2_logPapp,higher is better,-4.3804931640625,C[C@H](Nc1nc(C(N)=O)cc(-c2ccc(Oc3ccc(F)cc3)cc2)n1)C(N)=O
harness-seeds-densify/greedy/seed_0,Half_Life_hours,higher is better,33.25513458251953,Nc1ncnc(C#Cc2ccccc2)c1-c1ccc(Cl)cc1
harness-seeds-densify/greedy/seed_0,Selectivity_Index,higher is better,2.7829999999999995,COc1ccc(S(=O)(=O)N2Cc3ccccc3CC2C(=O)N2CCOCC2)cc1OC
harness-seeds-densify/greedy/seed_0,Selectivity_Index_LE,higher is better,0.089774193548387,COc1ccc(S(=O)(=O)N2Cc3ccccc3CC2C(=O)N2CCOCC2)cc1OC
harness-seeds-densify/mogp/seed_0,PfDHFR_Docking,lower is better,-10.07,CC[C@@H](c1ccccc1)N1C(=O)c2c(F)c(F)c(F)c(F)c2C1=O
harness-seeds-densify/mogp/seed_0,hDHFR_Docking,higher is better,5.694,O=C1c2ccccc2C[C@]12[C@@H](c1cccs1)[C@@H]1CSCN1[C@@]21C(=O)Nc2ccccc21
harness-seeds-densify/mogp/seed_0,hERG_Toxicity_Prob,lower is better,0.0143459159880876,Nc1ccccc1/C=C1\NC(=O)c2ccccc21
harness-seeds-densify/mogp/seed_0,Caco2_logPapp,higher is better,-4.003200054168701,CN1C(=O)/C(=C/c2cccc(/C=C3/C(=O)N(C)c4ccccc43)n2)c2ccccc21
harness-seeds-densify/mogp/seed_0,Half_Life_hours,higher is better,50.26958084106445,Nc1nc(Cl)nc(C#Cc2ccc(F)cc2)c1-c1ccc(Cl)cc1
harness-seeds-densify/mogp/seed_0,Selectivity_Index,higher is better,8.2,O=C1c2ccccc2C[C@]12[C@@H](c1cccs1)[C@@H]1CSCN1[C@@]21C(=O)Nc2ccccc21
harness-seeds-densify/mogp/seed_0,Selectivity_Index_LE,higher is better,0.2645161290322581,O=C1c2ccccc2C[C@]12[C@@H](c1cccs1)[C@@H]1CSCN1[C@@]21C(=O)Nc2ccccc21
harness-seeds-densify/random/seed_0,PfDHFR_Docking,lower is better,-10.49,O=S(=O)(c1ccc(Cl)cc1)n1c(Cc2ccccc2)nc2ccccc21
harness-seeds-densify/random/seed_0,hDHFR_Docking,higher is better,0.3932,O=C(Nc1nc2c(N3CCOCC3)ccnn2c1-c1ccc(N2CCNCC2)nc1)c1ccc2ccccc2n1
harness-seeds-densify/random/seed_0,hERG_Toxicity_Prob,lower is better,0.0144296772778034,O=C(O)CC[C@H](NP(=O)(O)O)C(=O)O
harness-seeds-densify/random/seed_0,Caco2_logPapp,higher is better,-4.325833797454834,COc1ccc(-n2c(=O)c(C)nc3cnc(OC)nc32)cc1
harness-seeds-densify/random/seed_0,Half_Life_hours,higher is better,26.15476417541504,CNc1ncc2ncnc(Nc3cc(C(=O)Nc4cc(C(C)(C)C)on4)ccc3F)c2n1
harness-seeds-densify/random/seed_0,Selectivity_Index,higher is better,6.841200000000001,O=C(Nc1nc2c(N3CCOCC3)ccnn2c1-c1ccc(N2CCNCC2)nc1)c1ccc2ccccc2n1
harness-seeds-densify/random/seed_0,Selectivity_Index_LE,higher is better,0.17103,O=C(Nc1nc2c(N3CCOCC3)ccnn2c1-c1ccc(N2CCNCC2)nc1)c1ccc2ccccc2n1
harness-seeds-densify/single_obj/seed_0,PfDHFR_Docking,lower is better,-11.01,O=C(c1cnn2c(C(F)(F)F)cc(-c3ccc(F)cc3)nc12)N1CCc2ccccc2C1
harness-seeds-densify/single_obj/seed_0,hDHFR_Docking,higher is better,-5.295,CS(=O)(=O)c1ccc2nc(-c3ccc(-c4cccs4)cc3)[nH]c2c1
harness-seeds-densify/single_obj/seed_0,hERG_Toxicity_Prob,lower is better,0.0292716156691312,CC(=O)Nc1ccc(/C=N/NC(N)=S)cc1
harness-seeds-densify/single_obj/seed_0,Caco2_logPapp,higher is better,-4.086654186248779,Cc1ccc(C2=C(c3ccc(F)cc3)C(=O)OC2)cc1
harness-seeds-densify/single_obj/seed_0,Half_Life_hours,higher is better,26.15476417541504,CNc1ncc2ncnc(Nc3cc(C(=O)Nc4cc(C(C)(C)C)on4)ccc3F)c2n1
harness-seeds-densify/single_obj/seed_0,Selectivity_Index,higher is better,2.3659999999999997,CC(C)(C)c1cc(NC(=O)c2ccc(F)c(Nc3ncnc4cnc(N5CCCCC5)nc34)c2)no1
harness-seeds-densify/single_obj/seed_0,Selectivity_Index_LE,higher is better,0.0737083333333333,CS(=O)(=O)c1ccc2nc(-c3ccc(-c4cccs4)cc3)[nH]c2c1
harness-seeds-nocache/greedy/seed_0,PfDHFR_Docking,lower is better,-10.86,CC(C)Oc1ccc2c(c1)C(c1ccc3c(c1)OCO3)=C(C(=O)O)C(c1ccc3c(c1)OCO3)O2
harness-seeds-nocache/greedy/seed_0,hDHFR_Docking,higher is better,-4.085,COc1ccc(CC2=NN3C(=NN(C(C)=O)C3(C)c3ccc(C)cc3)N(N(C(C)=O)C(C)=O)C2=O)cc1
harness-seeds-nocache/greedy/seed_0,hERG_Toxicity_Prob,lower is better,0.0343668535351753,C[C@@H]1C(=O)O[C@@H]2O[C@@]3(C)CC[C@H]4[C@H](C)CC[C@@H]1[C@@]24O3
harness-seeds-nocache/greedy/seed_0,Caco2_logPapp,higher is better,-4.3804931640625,C[C@H](Nc1nc(C(N)=O)cc(-c2ccc(Oc3ccc(F)cc3)cc2)n1)C(N)=O
harness-seeds-nocache/greedy/seed_0,Half_Life_hours,higher is better,33.25513458251953,Nc1ncnc(C#Cc2ccccc2)c1-c1ccc(Cl)cc1
harness-seeds-nocache/greedy/seed_0,Selectivity_Index,higher is better,2.7829999999999995,COc1ccc(S(=O)(=O)N2Cc3ccccc3CC2C(=O)N2CCOCC2)cc1OC
harness-seeds-nocache/greedy/seed_0,Selectivity_Index_LE,higher is better,0.089774193548387,COc1ccc(S(=O)(=O)N2Cc3ccccc3CC2C(=O)N2CCOCC2)cc1OC
harness-seeds-nocache/mogp/seed_0,PfDHFR_Docking,lower is better,-11.17,Nc1cccc2c1C1c3ccccc3C2C2C(=O)NC(=O)C12
harness-seeds-nocache/mogp/seed_0,hDHFR_Docking,higher is better,6.191,O=C1c2ccccc2C[C@]12[C@@H](c1cccs1)[C@@H]1CSCN1[C@@]21C(=O)Nc2ccccc21
harness-seeds-nocache/mogp/seed_0,hERG_Toxicity_Prob,lower is better,0.0120491255074739,Cc1ccc(C(=O)NNC(=O)c2ccc(NC(=O)C(C)(C)C)cc2)cc1
harness-seeds-nocache/mogp/seed_0,Caco2_logPapp,higher is better,-4.003200054168701,CN1C(=O)/C(=C/c2cccc(/C=C3/C(=O)N(C)c4ccccc43)n2)c2ccccc21
harness-seeds-nocache/mogp/seed_0,Half_Life_hours,higher is better,41.82512664794922,Clc1ccc2c(N/N=C/c3ccc4c(c3)OCO4)ccnc2c1
harness-seeds-nocache/mogp/seed_0,Selectivity_Index,higher is better,8.041,O=C1c2ccccc2C[C@]12[C@@H](c1cccs1)[C@@H]1CSCN1[C@@]21C(=O)Nc2ccccc21
harness-seeds-nocache/mogp/seed_0,Selectivity_Index_LE,higher is better,0.2593870967741935,O=C1c2ccccc2C[C@]12[C@@H](c1cccs1)[C@@H]1CSCN1[C@@]21C(=O)Nc2ccccc21
harness-seeds-nocache/random/seed_0,PfDHFR_Docking,lower is better,-10.49,O=S(=O)(c1ccc(Cl)cc1)n1c(Cc2ccccc2)nc2ccccc21
harness-seeds-nocache/random/seed_0,hDHFR_Docking,higher is better,0.3932,O=C(Nc1nc2c(N3CCOCC3)ccnn2c1-c1ccc(N2CCNCC2)nc1)c1ccc2ccccc2n1
harness-seeds-nocache/random/seed_0,hERG_Toxicity_Prob,lower is better,0.0144296772778034,O=C(O)CC[C@H](NP(=O)(O)O)C(=O)O
harness-seeds-nocache/random/seed_0,Caco2_logPapp,higher is better,-4.325833797454834,COc1ccc(-n2c(=O)c(C)nc3cnc(OC)nc32)cc1
harness-seeds-nocache/random/seed_0,Half_Life_hours,higher is better,26.15476417541504,CNc1ncc2ncnc(Nc3cc(C(=O)Nc4cc(C(C)(C)C)on4)ccc3F)c2n1
harness-seeds-nocache/random/seed_0,Selectivity_Index,higher is better,6.841200000000001,O=C(Nc1nc2c(N3CCOCC3)ccnn2c1-c1ccc(N2CCNCC2)nc1)c1ccc2ccccc2n1
harness-seeds-nocache/random/seed_0,Selectivity_Index_LE,higher is better,0.17103,O=C(Nc1nc2c(N3CCOCC3)ccnn2c1-c1ccc(N2CCNCC2)nc1)c1ccc2ccccc2n1
harness-seeds-nocache/single_obj/seed_0,PfDHFR_Docking,lower is better,-11.01,O=C(c1cnn2c(C(F)(F)F)cc(-c3ccc(F)cc3)nc12)N1CCc2ccccc2C1
harness-seeds-nocache/single_obj/seed_0,hDHFR_Docking,higher is better,-5.295,CS(=O)(=O)c1ccc2nc(-c3ccc(-c4cccs4)cc3)[nH]c2c1
harness-seeds-nocache/single_obj/seed_0,hERG_Toxicity_Prob,lower is better,0.0292716156691312,CC(=O)Nc1ccc(/C=N/NC(N)=S)cc1
harness-seeds-nocache/single_obj/seed_0,Caco2_logPapp,higher is better,-4.086654186248779,Cc1ccc(C2=C(c3ccc(F)cc3)C(=O)OC2)cc1
harness-seeds-nocache/single_obj/seed_0,Half_Life_hours,higher is better,26.15476417541504,CNc1ncc2ncnc(Nc3cc(C(=O)Nc4cc(C(C)(C)C)on4)ccc3F)c2n1
harness-seeds-nocache/single_obj/seed_0,Selectivity_Index,higher is better,2.3659999999999997,CC(C)(C)c1cc(NC(=O)c2ccc(F)c(Nc3ncnc4cnc(N5CCCCC5)nc34)c2)no1
harness-seeds-nocache/single_obj/seed_0,Selectivity_Index_LE,higher is better,0.0737083333333333,CS(=O)(=O)c1ccc2nc(-c3ccc(-c4cccs4)cc3)[nH]c2c1
launch-coreg-r1,PfDHFR_Docking,lower is better,-11.17,Nc1cccc2c1C1c3ccccc3C2C2C(=O)NC(=O)C12
launch-coreg-r1,hDHFR_Docking,higher is better,5.694,O=C1c2ccccc2C[C@]12[C@@H](c1cccs1)[C@@H]1CSCN1[C@@]21C(=O)Nc2ccccc21
launch-coreg-r1,hERG_Toxicity_Prob,lower is better,0.0120491255074739,Cc1ccc(C(=O)NNC(=O)c2ccc(NC(=O)C(C)(C)C)cc2)cc1
launch-coreg-r1,Caco2_logPapp,higher is better,-4.003200054168701,CN1C(=O)/C(=C/c2cccc(/C=C3/C(=O)N(C)c4ccccc43)n2)c2ccccc21
launch-coreg-r1,Half_Life_hours,higher is better,41.82512664794922,Clc1ccc2c(N/N=C/c3ccc4c(c3)OCO4)ccnc2c1
launch-coreg-r1,Selectivity_Index,higher is better,8.2,O=C1c2ccccc2C[C@]12[C@@H](c1cccs1)[C@@H]1CSCN1[C@@]21C(=O)Nc2ccccc21
launch-coreg-r1,Selectivity_Index_LE,higher is better,0.2645161290322581,O=C1c2ccccc2C[C@]12[C@@H](c1cccs1)[C@@H]1CSCN1[C@@]21C(=O)Nc2ccccc21
launch-coreg-r2,PfDHFR_Docking,lower is better,-11.17,Nc1cccc2c1C1c3ccccc3C2C2C(=O)NC(=O)C12
launch-coreg-r2,hDHFR_Docking,higher is better,5.694,O=C1c2ccccc2C[C@]12[C@@H](c1cccs1)[C@@H]1CSCN1[C@@]21C(=O)Nc2ccccc21
launch-coreg-r2,hERG_Toxicity_Prob,lower is better,0.0120491255074739,Cc1ccc(C(=O)NNC(=O)c2ccc(NC(=O)C(C)(C)C)cc2)cc1
launch-coreg-r2,Caco2_logPapp,higher is better,-4.003200054168701,CN1C(=O)/C(=C/c2cccc(/C=C3/C(=O)N(C)c4ccccc43)n2)c2ccccc21
launch-coreg-r2,Half_Life_hours,higher is better,41.82512664794922,Clc1ccc2c(N/N=C/c3ccc4c(c3)OCO4)ccnc2c1
launch-coreg-r2,Selectivity_Index,higher is better,8.2,O=C1c2ccccc2C[C@]12[C@@H](c1cccs1)[C@@H]1CSCN1[C@@]21C(=O)Nc2ccccc21
launch-coreg-r2,Selectivity_Index_LE,higher is better,0.2645161290322581,O=C1c2ccccc2C[C@]12[C@@H](c1cccs1)[C@@H]1CSCN1[C@@]21C(=O)Nc2ccccc21
launch-independent,PfDHFR_Docking,lower is better,-11.17,Nc1cccc2c1C1c3ccccc3C2C2C(=O)NC(=O)C12
launch-independent,hDHFR_Docking,higher is better,5.694,O=C1c2ccccc2C[C@]12[C@@H](c1cccs1)[C@@H]1CSCN1[C@@]21C(=O)Nc2ccccc21
launch-independent,hERG_Toxicity_Prob,lower is better,0.0120491255074739,Cc1ccc(C(=O)NNC(=O)c2ccc(NC(=O)C(C)(C)C)cc2)cc1
launch-independent,Caco2_logPapp,higher is better,-4.003200054168701,CN1C(=O)/C(=C/c2cccc(/C=C3/C(=O)N(C)c4ccccc43)n2)c2ccccc21
launch-independent,Half_Life_hours,higher is better,42.01264953613281,Clc1ccc(C(NCC2CCCCC2)c2cccnc2)cc1
launch-independent,Selectivity_Index,higher is better,8.2,O=C1c2ccccc2C[C@]12[C@@H](c1cccs1)[C@@H]1CSCN1[C@@]21C(=O)Nc2ccccc21
launch-independent,Selectivity_Index_LE,higher is better,0.2645161290322581,O=C1c2ccccc2C[C@]12[C@@H](c1cccs1)[C@@H]1CSCN1[C@@]21C(=O)Nc2ccccc21
profile-smoke-launch,PfDHFR_Docking,lower is better,-10.07,CC[C@@H](c1ccccc1)N1C(=O)c2c(F)c(F)c(F)c(F)c2C1=O
profile-smoke-launch,hDHFR_Docking,higher is better,-7.321,COc1cc(-n2cc(-c3cc(O)cc(O)c3)nn2)cc(OC)c1OC
profile-smoke-launch,hERG_Toxicity_Prob,lower is better,0.0332504361867904,C#CC(C(=O)NC(C)c1ccc(Cl)cc1)C(C)(C)C
profile-smoke-launch,Caco2_logPapp,higher is better,-4.064852237701416,CC[C@@H](c1ccccc1)N1C(=O)c2c(F)c(F)c(F)c(F)c2C1=O
profile-smoke-launch,Half_Life_hours,higher is better,35.768157958984375,C#CC(C(=O)NC(C)c1ccc(Cl)cc1)C(C)(C)C
profile-smoke-launch,Selectivity_Index,higher is better,2.2939999999999996,COc1ccc(N2C(=O)/C(=C3/C(=O)Nc4ccccc43)c3ccccc32)cc1
profile-smoke-launch,Selectivity_Index_LE,higher is better,0.0819285714285714,COc1ccc(N2C(=O)/C(=C3/C(=O)Nc4ccccc43)c3ccccc32)cc1
profile-smoke-loop,PfDHFR_Docking,lower is better,-10.07,CC[C@@H](c1ccccc1)N1C(=O)c2c(F)c(F)c(F)c(F)c2C1=O
profile-smoke-loop,hDHFR_Docking,higher is better,-7.321,COc1cc(-n2cc(-c3cc(O)cc(O)c3)nn2)cc(OC)c1OC
profile-smoke-loop,hERG_Toxicity_Prob,lower is better,0.0332504361867904,C#CC(C(=O)NC(C)c1ccc(Cl)cc1)C(C)(C)C
profile-smoke-loop,Caco2_logPapp,higher is better,-4.064852237701416,CC[C@@H](c1ccccc1)N1C(=O)c2c(F)c(F)c(F)c(F)c2C1=O
profile-smoke-loop,Half_Life_hours,higher is better,35.768157958984375,C#CC(C(=O)NC(C)c1ccc(Cl)cc1)C(C)(C)C
profile-smoke-loop,Selectivity_Index,higher is better,2.2939999999999996,COc1ccc(N2C(=O)/C(=C3/C(=O)Nc4ccccc43)c3ccccc32)cc1
profile-smoke-loop,Selectivity_Index_LE,higher is better,0.0819285714285714,COc1ccc(N2C(=O)/C(=C3/C(=O)Nc4ccccc43)c3ccccc32)cc1
