case,SMILES,PfDHFR_Docking,hDHFR_Docking,hERG_Toxicity_Prob,Caco2_logPapp,Half_Life_hours,PfDHFR_Docking_LE,hDHFR_Docking_LE,Selectivity_Index,Selectivity_Index_LE
baseline-greedy-default,COc1ccc(N2C(=O)/C(=C3/C(=O)Nc4ccccc43)c3ccccc32)cc1,-9.991,-7.697,0.1460913270711898,-4.333252429962158,20.82012367248535,-0.3568214285714285,-0.2748928571428571,2.2939999999999996,0.0819285714285714
baseline-greedy-permissive,O=c1c(-c2ccco2)nnc2n1CCN2c1ccc(Cl)cc1,-8.47,-7.686,0.4187330603599548,-4.556051731109619,24.24139404296875,-0.385,-0.3493636363636364,0.7840000000000007,0.0356363636363636
baseline-random,O=C(NC(=O)c1ccc(Cl)cc1)Nc1ccc2c(c1)NC(=O)/C2=C\c1ccc[nH]1,-7.67,-4.448,0.1068550199270248,-4.983348846435547,14.125863075256348,-0.2644827586206896,-0.1533793103448276,3.2219999999999995,0.111103448275862
baseline-single-obj,Nc1nc(N)nc(-c2ccccc2I)n1,-6.968,-6.975,0.0448356606066226,-4.495543956756592,12.833903312683104,-0.4645333333333333,-0.4649999999999999,-0.0069999999999996,-0.0004666666666666
bo-coreg-r1-densify-every1,Nc1cc(F)cc(Cl)c1C#Cc1nc(Cl)nc(N)c1-c1ccc(Cl)cc1,-8.396,-7.349,0.0967137888073921,-4.176534652709961,48.13505554199219,-0.322923076923077,-0.2826538461538461,1.0470000000000006,0.0402692307692308
bo-coreg-r1-densify-every2-cap,C#CC(C(=O)Nc1ccc(-c2ccc([N+](=O)[O-])cc2[N+](=O)[O-])cc1C)C(C)(C)C,-8.348,-6.139,0.018663965165615,-4.831820487976074,40.798152923583984,-0.2878620689655172,-0.2116896551724138,2.2090000000000005,0.0761724137931034
bo-coreg-r1-nodensify,COc1ccc(N2C(=O)/C(=C3/C(=O)Nc4ccccc43)c3ccccc32)cc1,-9.991,-7.697,0.1460913270711898,-4.333252429962158,20.82012367248535,-0.3568214285714285,-0.2748928571428571,2.2939999999999996,0.0819285714285714
bo-coreg-r2-densify-every1,COc1cc(Cl)c(N2C(=O)/C(=C3/C(=O)Nc4ccc(F)c(N)c43)c3ccccc32)c(N)c1Cl,-10.21,-6.097,0.1325258463621139,-4.551075458526611,47.37995529174805,-0.3093939393939394,-0.1847575757575757,4.113,0.1246363636363636
bo-coreg-r2-densify-every2-cap,C#CC(C(=O)Nc1ccc(-c2ccc([N+](=O)[O-])cc2[N+](=O)[O-])cc1C)C(C)(C)C,-8.348,-6.139,0.018663965165615,-4.831820487976074,40.798152923583984,-0.2878620689655172,-0.2116896551724138,2.2090000000000005,0.0761724137931034
bo-coreg-r2-nodensify,COc1ccc(N2C(=O)/C(=C3/C(=O)Nc4ccccc43)c3ccccc32)cc1,-9.991,-7.697,0.1460913270711898,-4.333252429962158,20.82012367248535,-0.3568214285714285,-0.2748928571428571,2.2939999999999996,0.0819285714285714
bo-independent-densify-every1,Nc1nc(Cl)nc(C#Cc2ccc(F)cc2)c1-c1ccc(Cl)cc1,-8.613,-8.283,0.0408636443316936,-4.119292736053467,50.26958084106445,-0.358875,-0.3451249999999999,0.33,0.01375
bo-independent-densify-every2-cap,O=C1N/C(=C\c2ccccc2Cl)c2cccc(Cl)c21,-9.503,-8.88,0.1200310364365577,-4.19390869140625,40.805904388427734,-0.5001578947368421,-0.4673684210526316,0.6229999999999993,0.0327894736842105
bo-independent-nodensify,COc1ccc(N2C(=O)/C(=C3/C(=O)Nc4ccccc43)c3ccccc32)cc1,-9.991,-7.697,0.1460913270711898,-4.333252429962158,20.82012367248535,-0.3568214285714285,-0.2748928571428571,2.2939999999999996,0.0819285714285714
harness-seeds-band-ci95/greedy/seed_0,Cc1cc(=O)c(Oc2ccc(Cl)cc2)c(-c2ccc(S(C)(=O)=O)cc2)o1,-9.729,-7.827,0.0906718075275421,-4.625820636749268,20.673141479492188,-0.3741923076923076,-0.3010384615384615,1.9019999999999992,0.0731538461538461
harness-seeds-band-ci95/mogp/seed_0,COc1ccc(N2C(=O)/C(=C3/C(=O)Nc4ccccc43)c3ccccc32)cc1,-9.991,-7.697,0.1460913270711898,-4.333252429962158,20.82012367248535,-0.3568214285714285,-0.2748928571428571,2.2939999999999996,0.0819285714285714
harness-seeds-band-ci95/random/seed_0,CNc1ncc2ncnc(Nc3cc(C(=O)Nc4cc(C(C)(C)C)on4)ccc3F)c2n1,-8.658,-8.257,0.0780184119939804,-4.930703639984131,26.15476417541504,-0.2705625,-0.25803125,0.4009999999999998,0.0125312499999999
harness-seeds-band-ci95/single_obj/seed_0,O=C1N/C(=C\c2ccccc2)c2ccccc21,-9.08,-8.586,0.0299035906791687,-4.305072784423828,16.283769607543945,-0.5341176470588236,-0.5050588235294118,0.4939999999999998,0.0290588235294118
harness-seeds-band-sem/greedy/seed_0,Cc1cc(=O)c(Oc2ccc(Cl)cc2)c(-c2ccc(S(C)(=O)=O)cc2)o1,-9.729,-7.827,0.0906718075275421,-4.625820636749268,20.673141479492188,-0.3741923076923076,-0.3010384615384615,1.9019999999999992,0.0731538461538461
harness-seeds-band-sem/mogp/seed_0,COc1ccc(N2C(=O)/C(=C3/C(=O)Nc4ccccc43)c3ccccc32)cc1,-9.991,-7.697,0.1460913270711898,-4.333252429962158,20.82012367248535,-0.3568214285714285,-0.2748928571428571,2.2939999999999996,0.0819285714285714
harness-seeds-band-sem/random/seed_0,CNc1ncc2ncnc(Nc3cc(C(=O)Nc4cc(C(C)(C)C)on4)ccc3F)c2n1,-8.658,-8.257,0.0780184119939804,-4.930703639984131,26.15476417541504,-0.2705625,-0.25803125,0.4009999999999998,0.0125312499999999
harness-seeds-band-sem/single_obj/seed_0,O=C1N/C(=C\c2ccccc2)c2ccccc21,-9.08,-8.586,0.0299035906791687,-4.305072784423828,16.283769607543945,-0.5341176470588236,-0.5050588235294118,0.4939999999999998,0.0290588235294118
harness-seeds-band-std/greedy/seed_0,Cc1cc(=O)c(Oc2ccc(Cl)cc2)c(-c2ccc(S(C)(=O)=O)cc2)o1,-9.729,-7.827,0.0906718075275421,-4.625820636749268,20.673141479492188,-0.3741923076923076,-0.3010384615384615,1.9019999999999992,0.0731538461538461
harness-seeds-band-std/mogp/seed_0,COc1ccc(N2C(=O)/C(=C3/C(=O)Nc4ccccc43)c3ccccc32)cc1,-9.991,-7.697,0.1460913270711898,-4.333252429962158,20.82012367248535,-0.3568214285714285,-0.2748928571428571,2.2939999999999996,0.0819285714285714
harness-seeds-band-std/random/seed_0,CNc1ncc2ncnc(Nc3cc(C(=O)Nc4cc(C(C)(C)C)on4)ccc3F)c2n1,-8.658,-8.257,0.0780184119939804,-4.930703639984131,26.15476417541504,-0.2705625,-0.25803125,0.4009999999999998,0.0125312499999999
harness-seeds-band-std/single_obj/seed_0,O=C1N/C(=C\c2ccccc2)c2ccccc21,-9.08,-8.586,0.0299035906791687,-4.305072784423828,16.283769607543945,-0.5341176470588236,-0.5050588235294118,0.4939999999999998,0.0290588235294118
harness-seeds-densify/greedy/seed_0,Cc1cc(=O)c(Oc2ccc(Cl)cc2)c(-c2ccc(S(C)(=O)=O)cc2)o1,-9.729,-7.827,0.0906718075275421,-4.625820636749268,20.673141479492188,-0.3741923076923076,-0.3010384615384615,1.9019999999999992,0.0731538461538461
harness-seeds-densify/mogp/seed_0,Nc1nc(Cl)nc(C#Cc2ccc(F)cc2)c1-c1ccc(Cl)cc1,-8.613,-8.283,0.0408636443316936,-4.119292736053467,50.26958084106445,-0.358875,-0.3451249999999999,0.33,0.01375
harness-seeds-densify/random/seed_0,CNc1ncc2ncnc(Nc3cc(C(=O)Nc4cc(C(C)(C)C)on4)ccc3F)c2n1,-8.658,-8.257,0.0780184119939804,-4.930703639984131,26.15476417541504,-0.2705625,-0.25803125,0.4009999999999998,0.0125312499999999
harness-seeds-densify/single_obj/seed_0,O=C1N/C(=C\c2ccccc2)c2ccccc21,-9.08,-8.586,0.0299035906791687,-4.305072784423828,16.283769607543945,-0.5341176470588236,-0.5050588235294118,0.4939999999999998,0.0290588235294118
harness-seeds-nocache/greedy/seed_0,Cc1cc(=O)c(Oc2ccc(Cl)cc2)c(-c2ccc(S(C)(=O)=O)cc2)o1,-9.729,-7.827,0.0906718075275421,-4.625820636749268,20.673141479492188,-0.3741923076923076,-0.3010384615384615,1.9019999999999992,0.0731538461538461
harness-seeds-nocache/mogp/seed_0,COc1ccc(N2C(=O)/C(=C3/C(=O)Nc4ccccc43)c3ccccc32)cc1,-9.991,-7.697,0.1460913270711898,-4.333252429962158,20.82012367248535,-0.3568214285714285,-0.2748928571428571,2.2939999999999996,0.0819285714285714
harness-seeds-nocache/random/seed_0,CNc1ncc2ncnc(Nc3cc(C(=O)Nc4cc(C(C)(C)C)on4)ccc3F)c2n1,-8.658,-8.257,0.0780184119939804,-4.930703639984131,26.15476417541504,-0.2705625,-0.25803125,0.4009999999999998,0.0125312499999999
harness-seeds-nocache/single_obj/seed_0,O=C1N/C(=C\c2ccccc2)c2ccccc21,-9.08,-8.586,0.0299035906791687,-4.305072784423828,16.283769607543945,-0.5341176470588236,-0.5050588235294118,0.4939999999999998,0.0290588235294118
launch-coreg-r1,COc1ccc(N2C(=O)/C(=C3/C(=O)Nc4ccccc43)c3ccccc32)cc1,-9.991,-7.697,0.1460913270711898,-4.333252429962158,20.82012367248535,-0.3568214285714285,-0.2748928571428571,2.2939999999999996,0.0819285714285714
launch-coreg-r2,COc1ccc(N2C(=O)/C(=C3/C(=O)Nc4ccccc43)c3ccccc32)cc1,-9.991,-7.697,0.1460913270711898,-4.333252429962158,20.82012367248535,-0.3568214285714285,-0.2748928571428571,2.2939999999999996,0.0819285714285714
launch-independent,COc1ccc(N2C(=O)/C(=C3/C(=O)Nc4ccccc43)c3ccccc32)cc1,-9.991,-7.697,0.1460913270711898,-4.333252429962158,20.82012367248535,-0.3568214285714285,-0.2748928571428571,2.2939999999999996,0.0819285714285714
profile-smoke-launch,COc1ccc(N2C(=O)/C(=C3/C(=O)Nc4ccccc43)c3ccccc32)cc1,-9.991,-7.697,0.1460913270711898,-4.333252429962158,20.82012367248535,-0.3568214285714285,-0.2748928571428571,2.2939999999999996,0.0819285714285714
profile-smoke-loop,COc1ccc(N2C(=O)/C(=C3/C(=O)Nc4ccccc43)c3ccccc32)cc1,-9.991,-7.697,0.1460913270711898,-4.333252429962158,20.82012367248535,-0.3568214285714285,-0.2748928571428571,2.2939999999999996,0.0819285714285714
