sweep_status,case,family,final_hypervolume,n_evaluated,pareto_size,best_score,best_SMILES,best_Selectivity_Index,best_Selectivity_Index_LE,best_PfDHFR_Docking,seconds,minutes,status
complete,bo-coreg-r2-densify-every1,MOGP loop,0.6819178297946377,70,43,0.8701383596080717,COc1cc(Cl)c(N2C(=O)/C(=C3/C(=O)Nc4ccc(F)c(N)c43)c3ccccc32)c(N)c1Cl,8.2,0.2645161290322581,-10.81,1162.0,19.366666666666667,pass
complete,bo-coreg-r2-densify-every2-cap,MOGP loop,0.510012426638186,70,38,0.8042130084734513,C#CC(C(=O)Nc1ccc(-c2ccc([N+](=O)[O-])cc2[N+](=O)[O-])cc1C)C(C)(C)C,8.2,0.2645161290322581,-10.39,981.8,16.363333333333333,pass
complete,bo-coreg-r1-densify-every2-cap,MOGP loop,0.5083307877549539,70,38,0.8042130084734513,C#CC(C(=O)Nc1ccc(-c2ccc([N+](=O)[O-])cc2[N+](=O)[O-])cc1C)C(C)(C)C,8.2,0.2645161290322581,-10.39,979.6,16.326666666666668,pass
complete,bo-coreg-r1-densify-every1,MOGP loop,0.5063190384438139,70,37,0.8011380783850246,Nc1cc(F)cc(Cl)c1C#Cc1nc(Cl)nc(N)c1-c1ccc(Cl)cc1,8.2,0.2645161290322581,-10.79,839.0,13.983333333333333,pass
complete,harness-seeds-densify/mogp/seed_0,harness,0.4583825402075099,70,39,0.7924302629681954,Nc1nc(Cl)nc(C#Cc2ccc(F)cc2)c1-c1ccc(Cl)cc1,8.2,0.2645161290322581,-10.07,935.6,15.593333333333334,pass
complete,bo-independent-densify-every2-cap,MOGP loop,0.4201230114955201,70,40,0.7753184882234387,O=C1N/C(=C\c2ccccc2Cl)c2cccc(Cl)c21,8.2,0.2645161290322581,-10.49,3258.2,54.30333333333333,pass
complete,bo-independent-densify-every1,MOGP loop,0.4168081287292041,70,36,0.7924302629681954,Nc1nc(Cl)nc(C#Cc2ccc(F)cc2)c1-c1ccc(Cl)cc1,8.2,0.2645161290322581,-10.12,888.8,14.813333333333333,pass
complete,harness-seeds-band-sem/mogp/seed_0,harness,0.3925981833395732,70,48,0.7201071147260835,COc1ccc(N2C(=O)/C(=C3/C(=O)Nc4ccccc43)c3ccccc32)cc1,8.2,0.2645161290322581,-11.17,1025.3,17.08833333333333,pass
complete,harness-seeds-band-ci95/mogp/seed_0,harness,0.3925981833395732,70,48,0.7201071147260835,COc1ccc(N2C(=O)/C(=C3/C(=O)Nc4ccccc43)c3ccccc32)cc1,8.2,0.2645161290322581,-11.17,1021.2,17.02,pass
complete,harness-seeds-band-std/mogp/seed_0,harness,0.3925981833395732,70,48,0.7201071147260835,COc1ccc(N2C(=O)/C(=C3/C(=O)Nc4ccccc43)c3ccccc32)cc1,8.2,0.2645161290322581,-11.17,2025.4,33.75666666666667,pass
complete,launch-independent,launcher,0.392579058758406,70,47,0.7201071147260835,COc1ccc(N2C(=O)/C(=C3/C(=O)Nc4ccccc43)c3ccccc32)cc1,8.2,0.2645161290322581,-11.17,1034.7,17.245,pass
complete,bo-independent-nodensify,MOGP loop,0.392579058758406,70,47,0.7201071147260835,COc1ccc(N2C(=O)/C(=C3/C(=O)Nc4ccccc43)c3ccccc32)cc1,8.2,0.2645161290322581,-11.17,1263.1,21.051666666666666,pass
complete,harness-seeds-nocache/mogp/seed_0,harness,0.3924170013175269,70,47,0.7201071147260835,COc1ccc(N2C(=O)/C(=C3/C(=O)Nc4ccccc43)c3ccccc32)cc1,8.041,0.2593870967741935,-11.17,2856.1,47.60166666666667,pass
complete,bo-coreg-r2-nodensify,MOGP loop,0.3924038436975818,70,47,0.7201071147260835,COc1ccc(N2C(=O)/C(=C3/C(=O)Nc4ccccc43)c3ccccc32)cc1,8.2,0.2645161290322581,-11.17,959.3,15.988333333333333,pass
complete,launch-coreg-r2,launcher,0.3924038436975818,70,47,0.7201071147260835,COc1ccc(N2C(=O)/C(=C3/C(=O)Nc4ccccc43)c3ccccc32)cc1,8.2,0.2645161290322581,-11.17,972.6,16.21,pass
complete,launch-coreg-r1,launcher,0.3923942852767044,70,47,0.7201071147260835,COc1ccc(N2C(=O)/C(=C3/C(=O)Nc4ccccc43)c3ccccc32)cc1,8.2,0.2645161290322581,-11.17,1025.0,17.083333333333332,pass
complete,bo-coreg-r1-nodensify,MOGP loop,0.3923942852767044,70,47,0.7201071147260835,COc1ccc(N2C(=O)/C(=C3/C(=O)Nc4ccccc43)c3ccccc32)cc1,8.2,0.2645161290322581,-11.17,970.3,16.171666666666667,pass
complete,profile-smoke-launch,smoke profile,0.2551873421525626,9,6,0.7201071147260835,COc1ccc(N2C(=O)/C(=C3/C(=O)Nc4ccccc43)c3ccccc32)cc1,2.2939999999999996,0.0819285714285714,-10.07,24.6,0.41000000000000003,pass
complete,profile-smoke-loop,smoke profile,0.2551873421525626,9,6,0.7201071147260835,COc1ccc(N2C(=O)/C(=C3/C(=O)Nc4ccccc43)c3ccccc32)cc1,2.2939999999999996,0.0819285714285714,-10.07,26.2,0.43666666666666665,pass
complete,baseline-greedy-default,baseline,0.2400305433893809,70,25,0.7201071147260835,COc1ccc(N2C(=O)/C(=C3/C(=O)Nc4ccccc43)c3ccccc32)cc1,3.061,0.0987419354838709,-10.01,389.4,6.489999999999999,pass
complete,harness-seeds-nocache/greedy/seed_0,harness,0.238535350977656,70,32,0.6971504592851565,Cc1cc(=O)c(Oc2ccc(Cl)cc2)c(-c2ccc(S(C)(=O)=O)cc2)o1,2.7829999999999995,0.089774193548387,-10.86,2856.1,47.60166666666667,pass
complete,harness-seeds-band-ci95/greedy/seed_0,harness,0.238535350977656,70,32,0.6971504592851565,Cc1cc(=O)c(Oc2ccc(Cl)cc2)c(-c2ccc(S(C)(=O)=O)cc2)o1,2.7829999999999995,0.089774193548387,-10.86,1021.2,17.02,pass
complete,harness-seeds-densify/greedy/seed_0,harness,0.238535350977656,70,32,0.6971504592851565,Cc1cc(=O)c(Oc2ccc(Cl)cc2)c(-c2ccc(S(C)(=O)=O)cc2)o1,2.7829999999999995,0.089774193548387,-10.86,935.6,15.593333333333334,pass
complete,harness-seeds-band-sem/greedy/seed_0,harness,0.238535350977656,70,32,0.6971504592851565,Cc1cc(=O)c(Oc2ccc(Cl)cc2)c(-c2ccc(S(C)(=O)=O)cc2)o1,2.7829999999999995,0.089774193548387,-10.86,1025.3,17.08833333333333,pass
complete,harness-seeds-band-std/greedy/seed_0,harness,0.238535350977656,70,32,0.6971504592851565,Cc1cc(=O)c(Oc2ccc(Cl)cc2)c(-c2ccc(S(C)(=O)=O)cc2)o1,2.7829999999999995,0.089774193548387,-10.86,2025.4,33.75666666666667,pass
complete,harness-seeds-densify/single_obj/seed_0,harness,0.1775950573933864,70,35,0.6636097562779454,O=C1N/C(=C\c2ccccc2)c2ccccc21,2.3659999999999997,0.0737083333333333,-11.01,935.6,15.593333333333334,pass
complete,harness-seeds-nocache/single_obj/seed_0,harness,0.1775950573933864,70,35,0.6636097562779454,O=C1N/C(=C\c2ccccc2)c2ccccc21,2.3659999999999997,0.0737083333333333,-11.01,2856.1,47.60166666666667,pass
complete,harness-seeds-band-ci95/single_obj/seed_0,harness,0.1775950573933864,70,35,0.6636097562779454,O=C1N/C(=C\c2ccccc2)c2ccccc21,2.3659999999999997,0.0737083333333333,-11.01,1021.2,17.02,pass
complete,harness-seeds-band-sem/single_obj/seed_0,harness,0.1775950573933864,70,35,0.6636097562779454,O=C1N/C(=C\c2ccccc2)c2ccccc21,2.3659999999999997,0.0737083333333333,-11.01,1025.3,17.08833333333333,pass
complete,harness-seeds-band-std/single_obj/seed_0,harness,0.1775950573933864,70,35,0.6636097562779454,O=C1N/C(=C\c2ccccc2)c2ccccc21,2.3659999999999997,0.0737083333333333,-11.01,2025.4,33.75666666666667,pass
complete,baseline-greedy-permissive,baseline,0.1547901118772998,70,42,0.6159773283312202,O=c1c(-c2ccco2)nnc2n1CCN2c1ccc(Cl)cc1,3.061,0.0987419354838709,-10.03,382.0,6.366666666666666,pass
complete,baseline-random,baseline,0.1377765363542359,70,43,0.6632246704740805,O=C(NC(=O)c1ccc(Cl)cc1)Nc1ccc2c(c1)NC(=O)/C2=C\c1ccc[nH]1,3.2219999999999995,0.111103448275862,-10.48,483.3,8.055,pass
complete,harness-seeds-densify/random/seed_0,harness,0.1368475683304891,70,47,0.6548194429837878,CNc1ncc2ncnc(Nc3cc(C(=O)Nc4cc(C(C)(C)C)on4)ccc3F)c2n1,6.841200000000001,0.17103,-10.49,935.6,15.593333333333334,pass
complete,harness-seeds-nocache/random/seed_0,harness,0.1368475683304891,70,47,0.6548194429837878,CNc1ncc2ncnc(Nc3cc(C(=O)Nc4cc(C(C)(C)C)on4)ccc3F)c2n1,6.841200000000001,0.17103,-10.49,2856.1,47.60166666666667,pass
complete,harness-seeds-band-std/random/seed_0,harness,0.1368475683304891,70,47,0.6548194429837878,CNc1ncc2ncnc(Nc3cc(C(=O)Nc4cc(C(C)(C)C)on4)ccc3F)c2n1,6.841200000000001,0.17103,-10.49,2025.4,33.75666666666667,pass
complete,harness-seeds-band-ci95/random/seed_0,harness,0.1368475683304891,70,47,0.6548194429837878,CNc1ncc2ncnc(Nc3cc(C(=O)Nc4cc(C(C)(C)C)on4)ccc3F)c2n1,6.841200000000001,0.17103,-10.49,1021.2,17.02,pass
complete,harness-seeds-band-sem/random/seed_0,harness,0.1368475683304891,70,47,0.6548194429837878,CNc1ncc2ncnc(Nc3cc(C(=O)Nc4cc(C(C)(C)C)on4)ccc3F)c2n1,6.841200000000001,0.17103,-10.49,1025.3,17.08833333333333,pass
complete,baseline-single-obj,baseline,0.1270030907122572,70,40,0.6141135495319014,Nc1nc(N)nc(-c2ccccc2I)n1,4.503,0.1185,-10.9,389.6,6.493333333333334,pass
