SMILES,PfDHFR_Docking,hDHFR_Docking,hERG_Toxicity_Prob,Caco2_logPapp,Half_Life_hours,PfDHFR_Docking_LE,hDHFR_Docking_LE,Selectivity_Index,Selectivity_Index_LE
Cc1nc([C@]2(c3cnn(C)c3)N[C@@H](c3nc(-c4ccccc4)c[nH]3)Cc3c2[nH]c2ccccc32)no1,-10.33,-4.769,0.8696357607841492,-5.068515300750732,4.590222358703613,-0.28694444444444445,-0.1324722222222222,5.561,0.15447222222222223
COc1cc(N)c(Cl)cc1C(=O)NCC(O)CN1CCC(CN2CCC(N)CC2)CC1,-7.72,-8.125,0.8190935254096985,-5.211653232574463,3.7990076541900635,-0.24903225806451612,-0.2620967741935484,-0.40500000000000025,-0.013064516129032255
CCC(CC)C(=O)OCC(=O)NC12CC3CC(CC(C3)C1)C2,-7.642,-8.714,0.05825492739677429,-4.617673873901367,1.7216084003448486,-0.3473636363636364,-0.3960909090909091,-1.072,-0.04872727272727273
COc1ccc(NC(S)=Nc2nc(CC(=O)Nc3ccccc3OC)cs2)cc1,-8.129,-7.83,0.8628734350204468,-5.899472236633301,4.363945484161377,-0.2803103448275862,-0.27,0.2989999999999995,0.010310344827586193
Cl.O=C(O[C@@]12CCC(=O)[C@@H]3Oc4c(O)ccc5c4[C@@]31CCN(CC1CC1)[C@@H]2C5)c1ccccn1,,,0.8782522678375244,-5.856842041015625,1.520302414894104,,,,
CS(=O)(=O)N[C@H]1CC[C@@H](N2CC(NC(=O)CNc3n[nH]c4ccc(C(F)(F)F)cc34)C2)CC1,-8.799,-10.02,0.9964655637741089,-5.436757564544678,21.262453079223633,-0.2666363636363636,-0.30363636363636365,-1.221,-0.03700000000000003
CCCC(CCC)C(=O)O/N=C(\Cn1cncn1)c1ccc2ccccc2c1,-8.432,-9.728,0.9040244221687317,-4.630073070526123,4.458827018737793,-0.30114285714285716,-0.3474285714285714,-1.2959999999999994,-0.04628571428571426
O=C(Nc1cnn2ccc(N3CCC[C@@H]3c3cccc(F)c3)nc12)c1cccnc1,-10.38,-9.848,0.9186744689941406,-4.956253528594971,8.562448501586914,-0.34600000000000003,-0.3282666666666667,0.532,0.017733333333333323
O=C(Nc1ccc(O)c(-n2cnnn2)c1)c1ccncc1,-8.411,-7.628,0.06860427558422089,-5.209895133972168,2.152405023574829,-0.4005238095238095,-0.36323809523809525,0.7829999999999995,0.037285714285714255
O=c1sn(-c2cccc(Cl)c2)c(=O)n1Cc1ccccc1,-9.016,-8.662,0.3726392388343811,-4.57883882522583,7.773299217224121,-0.42933333333333334,-0.4124761904761905,0.3539999999999992,0.01685714285714285
O=C1c2ccccc2-c2ccc(O[C@H]3CN4CCC3CC4)cc21,-8.717,-9.793,0.7720710039138794,-4.798455715179443,30.269201278686523,-0.379,-0.42578260869565215,-1.0759999999999987,-0.04678260869565215
Cc1cnn(CCNCc2ccc(C(N)=O)cc2)c1,-8.117,-8.164,0.026308689266443253,-5.445189952850342,4.980648517608643,-0.42721052631578954,-0.4296842105263158,-0.04699999999999882,-0.002473684210526239
O=C(CCCN1CCC2(CC1)CC(c1ccccc1)OC2=O)c1ccc(F)cc1,-8.991,-9.453,0.9827877879142761,-5.066310405731201,3.909579038619995,-0.31003448275862067,-0.3259655172413793,-0.46199999999999974,-0.01593103448275862
CCO/C(O)=C1/C(C)=Nc2ccccc2N=C1NS(=O)(=O)c1ccc(Cl)cc1,-6.933,-5.646,0.1610647588968277,-4.91123628616333,13.952000617980957,-0.24760714285714286,-0.20164285714285715,1.287,0.04596428571428571
CC(Sc1nc(N)cc(O)n1)C(=O)NNC(=O)c1cccc(Cl)c1,-8.941,-8.244,0.07642277330160141,-5.483108043670654,5.678367614746094,-0.3725416666666667,-0.34349999999999997,0.697000000000001,0.029041666666666743
CC(C)(C)CCNCC(=O)N1CCC[C@H]1C#N,-6.907,-6.927,0.059831682592630386,-4.937368392944336,10.587397575378418,-0.4062941176470588,-0.4074705882352941,-0.019999999999999574,-0.0011764705882352788
CSc1nc2c(Nc3cccc(N)c3)c3ccccc3nc2s1,-9.541,-8.844,0.6734864711761475,-5.030673980712891,8.776090621948242,-0.41482608695652173,-0.38452173913043475,0.697000000000001,0.030304347826086986
CC(C)n1cnc2c(NCc3ccc4ccccc4c3)nc(N3CCCCC3CCO)nc21,-9.399,-9.746,0.9394179582595825,-5.105560779571533,1.3194087743759155,-0.2848181818181818,-0.29533333333333334,-0.3470000000000013,-0.010515151515151533
COc1ccc(CCNC(=O)Cc2cc(OC)c(OC)cc2CO)cc1OC,-8.185,-8.715,0.6178732514381409,-5.06990385055542,2.419581651687622,-0.29232142857142857,-0.31124999999999997,-0.5299999999999994,-0.018928571428571406
CNC(=O)C1CCCN1Cc1cccc(N(C)C)c1,-7.681,-7.748,0.8953476548194885,-5.213231086730957,3.642148733139038,-0.4042631578947368,-0.40778947368421053,-0.06700000000000017,-0.0035263157894737107
COC(=O)CN(C(=O)CCc1ccccc1)c1ccc(C(O)(C(F)(F)F)C(F)(F)F)cc1,-8.624,-9.752,0.8511067032814026,-4.446875095367432,1.9941025972366333,-0.2695,-0.30475,-1.1280000000000001,-0.035250000000000004
CCc1nn(C)c(C(=O)NCc2ccc(Oc3ccc(C)cc3)cc2)c1OC,-9.057,-9.575,0.3580246567726135,-5.006371974945068,4.076439380645752,-0.3234642857142857,-0.34196428571428567,-0.5179999999999989,-0.01849999999999996
CCOC(=O)C1CCCN(C(=O)c2ccc(C)c([N+](=O)[O-])c2)C1,-8.814,-8.502,0.17975851893424988,-4.638172626495361,5.712954521179199,-0.38321739130434784,-0.3696521739130435,0.3119999999999994,0.01356521739130434
O=C(O)c1c2c(c(C(=O)O)c3ccccc13)-c1ccccc1-2,-8.941,-8.237,0.047202516347169876,-4.499721527099609,10.283418655395508,-0.40640909090909094,-0.3744090909090909,0.7040000000000006,0.03200000000000003
CCN(C(=O)CSc1nnc(C)n1-c1ccc(C)cc1)c1c(N)n(Cc2ccccc2)c(=O)[nH]c1=O,-7.817,-9.111,0.4531248211860657,-5.309383392333984,1.590946078300476,-0.21713888888888888,-0.2530833333333333,-1.2940000000000005,-0.035944444444444446
O=C(Nc1nnn[nH]1)c1cccc2nc3cccc(Cl)c3nc12,-9.25,-8.374,0.7129693031311035,-4.3148274421691895,1.7676477432250977,-0.40217391304347827,-0.36408695652173917,0.8759999999999994,0.0380869565217391
Cc1ccc2c(c1C)CN(C(=O)N(C)C)CC2c1ccc(O)cc1,-10.09,-7.674,0.24728234112262726,-4.803562641143799,4.63722038269043,-0.42041666666666666,-0.31975000000000003,2.4159999999999995,0.10066666666666663
CN1CCc2nc3sc(C(=O)c4ccc(F)cc4)c(N)c3cc2C1,-9.698,-8.344,0.9633389711380005,-4.6118974685668945,9.92276382446289,-0.40408333333333335,-0.3476666666666666,1.354000000000001,0.056416666666666726
COc1ccccc1C(=O)NC(C)CC(=O)O,-7.037,-6.93,0.3427179157733917,-5.471014499664307,1.7956100702285767,-0.41394117647058826,-0.4076470588235294,0.1070000000000002,0.006294117647058839
COc1cc2c(cc1NC(=O)C(C)N1CCN(S(=O)(=O)c3ccccc3[N+](=O)[O-])CC1)oc1ccccc12,-7.723,-7.144,0.27082258462905884,-5.215050220489502,33.11554718017578,-0.20323684210526316,-0.188,0.5789999999999997,0.01523684210526316
O=C(NNS(=O)(=O)c1ccccc1F)c1ccccc1F,-8.706,-8.883,0.09634368121623993,-4.558111667633057,7.255609035491943,-0.41457142857142854,-0.42299999999999993,-0.1769999999999996,-0.008428571428571396
CN1C[C@H](C(=O)N2CCN(c3ccc(F)c(F)c3)CC2)C[C@@H]2c3cccc4[nH]c(Cl)c(c34)C[C@H]21,-10.23,-9.398,0.9696604609489441,-4.721156597137451,5.0393452644348145,-0.3008823529411765,-0.27641176470588236,0.8320000000000007,0.024470588235294133
COc1ccc(CCNC(=O)COC(=O)CSc2ccc(C(N)=O)cc2[N+](=O)[O-])cc1OC,-8.629,-9.385,0.0582461804151535,-5.448468208312988,2.218062400817871,-0.2614848484848485,-0.28439393939393937,-0.7560000000000002,-0.02290909090909088
COC(=O)CC(c1cccnc1)C(C(=O)N(C(C)C)C(C)C)c1cccc(Br)c1,-6.829,-7.069,0.7970945239067078,-5.205756664276123,3.2048206329345703,-0.23548275862068965,-0.24375862068965518,-0.2400000000000002,-0.008275862068965523
CCOc1ccc2c(C)nc(NC(N)=NC(C)=O)nc2c1,-9.104,-8.351,0.6097319722175598,-4.846038341522217,8.19718074798584,-0.4335238095238095,-0.3976666666666667,0.7529999999999983,0.035857142857142754
CCCCN(C)CCCNC(=O)Cn1ncc2c3ccccc3n(Cc3cc(C)ccc3C)c2c1=O,-9.125,-9.061,0.9904142022132874,-4.718497276306152,19.937034606933594,-0.2534722222222222,-0.25169444444444444,0.06400000000000006,0.001777777777777767
O=C(Nc1ccc2c(c1)C(=O)NS2(=O)=O)c1ccc(-c2ccccc2)cc1,-9.075,-6.261,0.3983651101589203,-5.148072242736816,6.56562614440918,-0.3361111111111111,-0.2318888888888889,2.813999999999999,0.10422222222222219
N#Cc1cccc([C@]23CCC(N(CCN4CC[C@@H](O)C4)C(=O)Nc4cc(F)cc(F)c4)CC2C3)c1,-9.067,-9.67,0.9990456700325012,-5.254598617553711,9.409996032714844,-0.2590571428571429,-0.2762857142857143,-0.6029999999999998,-0.017228571428571426
Cc1ccc(S(=O)(=O)NC[C@@H](O)C[C@@H](Cc2ccccc2)C(=O)N[C@H]2c3ccccc3C[C@H]2O)cc1,-9.166,-10.19,0.14136920869350433,-5.804783821105957,0.7754762172698975,-0.2546111111111111,-0.28305555555555556,-1.0239999999999991,-0.02844444444444444
Cc1cnc(NC(=O)N2CCOCC2)s1,-6.415,-6.939,0.08658794313669205,-5.23395299911499,3.911618947982788,-0.4276666666666667,-0.4626,-0.524,-0.034933333333333316
[O-]/[N+](=C/c1ccc(F)cc1)c1ccc(Cl)cc1,-7.957,-9.011,0.051327768713235855,-4.143794536590576,28.085351943969727,-0.46805882352941175,-0.5300588235294117,-1.0539999999999994,-0.061999999999999944
O=C1Nc2cc(Cl)ccc2/C1=C\c1ccccc1Cl,-9.411,-9.953,0.15832489728927612,-4.3496503829956055,33.01851272583008,-0.4953157894736842,-0.5238421052631579,-0.5419999999999998,-0.028526315789473677
Nc1nc(N)c2nc(CSc3ccc(Cl)cc3)cnc2n1,-9.367,-9.623,0.08083395659923553,-4.8615522384643555,29.366884231567383,-0.4460476190476191,-0.4582380952380952,-0.25599999999999845,-0.01219047619047614
O=C1Nc2ccccc2[C@@]12C(c1ccc(Cl)cc1)C([N+](=O)[O-])C1CSCN12,-5.132,-3.5,0.12412764132022858,-4.902320861816406,30.376657485961914,-0.19007407407407406,-0.12962962962962962,1.6319999999999997,0.06044444444444444
NC1=NC(=O)C(CC(=O)c2ccc(Cl)cc2)S1,-8.053,-8.265,0.07337342947721481,-5.000368595123291,28.365652084350586,-0.4737058823529412,-0.4861764705882353,-0.21199999999999974,-0.012470588235294122
O=S(=O)(c1ccc(Cl)cc1)N1CCN(C(c2ccc(Cl)cc2)c2cccnc2)CC1,-8.733,-10.24,0.36465826630592346,-4.723884105682373,51.9931526184082,-0.2911,-0.3413333333333333,-1.5069999999999997,-0.0502333333333333
CC(=O)Nc1cc(NC(=O)c2cc(=O)c3ccccc3o2)ccc1C,-8.989,-8.985,0.024990534409880638,-5.102543354034424,30.963747024536133,-0.35956000000000005,-0.3594,0.004000000000001336,0.000160000000000049
CC(=O)Nc1ccc(NS(=O)(=O)c2ccc3c4c(cccc24)C(=O)N3)cc1,-10.29,-10.74,0.082281194627285,-5.213947296142578,34.73508071899414,-0.38111111111111107,-0.3977777777777778,-0.45000000000000107,-0.01666666666666672
Cc1ccnc(N2C(=O)CSC2c2ccc(Cl)cc2)c1,-9.232,-8.442,0.4614148736000061,-4.82437801361084,38.34092712402344,-0.46159999999999995,-0.42210000000000003,0.7899999999999991,0.039499999999999924
Nc1cccnc1Sc1ccc(Cl)cc1,-7.117,-7.475,0.041716914623975754,-4.525332927703857,27.391870498657227,-0.47446666666666665,-0.4983333333333333,-0.35799999999999965,-0.023866666666666647
CCOC(c1ccc(Cl)cc1)C(SC(C)(C)C)n1cncn1,-7.597,-6.723,0.7342619895935059,-4.553675651550293,41.723304748535156,-0.34531818181818186,-0.3055909090909091,0.8740000000000006,0.03972727272727278
O=C1NC(=O)/C(=C2/C(=O)Nc3ccccc32)N1,-8.223,-8.374,0.03034243918955326,-4.285069942474365,20.052139282226562,-0.4837058823529412,-0.49258823529411766,-0.1509999999999998,-0.008882352941176452
CC(C)NC(=O)Nc1ccc2c(c1)CC(=O)N([C@H](C)CO)C[C@H](C)[C@H](CN(C)S(=O)(=O)c1ccc(Cl)cc1)O2,-4.228,-6.079,0.03816710412502289,-5.233687877655029,28.930273056030273,-0.10841025641025641,-0.15587179487179487,-1.851,-0.04746153846153846
NC(=O)C1=C2CCCc3cccc(c32)C1=O,-8.127,-8.685,0.04765811935067177,-4.5357890129089355,23.9523868560791,-0.5079375,-0.5428125,-0.5579999999999998,-0.03487499999999999
O=C1c2ccccc2Oc2ccccc2C12CCNCC2,-6.892,-6.17,0.08706486225128174,-4.733438014984131,25.63614273071289,-0.3281904761904762,-0.2938095238095238,0.7220000000000004,0.0343809523809524
Nc1ccc2ncnc(Nc3ccc(F)c(Cl)c3)c2c1,-9.033,-8.4,0.24870343506336212,-4.785488605499268,42.883846282958984,-0.45165,-0.42000000000000004,0.6329999999999991,0.031649999999999956
O=C1c2ccccc2C(=O)N1c1ccccc1Cl,-8.923,-8.477,0.19662900269031525,-3.8991196155548096,24.298383712768555,-0.49572222222222223,-0.47094444444444444,0.44599999999999973,0.024777777777777787
Cc1ccc(NC(=O)c2oc3ccc(S(=O)(=O)N4CCC5(CC4)OCCO5)cc3c2C)c(C)c1,-9.221,-10.27,0.2285800576210022,-5.010287761688232,38.10746765136719,-0.2712058823529412,-0.30205882352941177,-1.0489999999999995,-0.030852941176470583
CC1(C)N=C(c2ccc(Cl)cc2)N([O])C1(C)C,-8.204,-8.408,0.09461291879415512,-4.330613613128662,26.196372985839844,-0.4825882352941177,-0.4945882352941176,-0.20399999999999885,-0.0119999999999999
Cc1ccc(CN2C(=O)c3c(Cl)ccc(NS(=O)(=O)c4ccc(C(C)(C)C)cc4)c3C2=O)[n+]([O-])c1,-9.336,-9.267,0.30474716424942017,-5.044781684875488,35.83274841308594,-0.26674285714285717,-0.26477142857142855,0.06900000000000084,0.001971428571428624
O=C1/C(=C\c2ccc(Cl)cc2)Oc2ccccc21,-8.39,-8.416,0.12012836337089539,-4.198580741882324,30.304576873779297,-0.46611111111111114,-0.46755555555555556,-0.0259999999999998,-0.0014444444444444149
CCCCSc1ccc2c(cc1=O)[C@@H](N)CCc1cc(OC)c(OC)c(OC)c1-2,-5.215,-5.147,0.8246973752975464,-4.561488151550293,52.923362731933594,-0.17982758620689654,-0.17748275862068966,0.06799999999999962,0.0023448275862068824
CC1([O-])OC(=O)C(c2ccc(Cl)cc2)=C1c1ccc(S(C)(=O)=O)cc1.[Na+],,,0.030577385798096657,-4.508423328399658,23.366641998291016,,,,
O=[N+]([O-])c1ccc(-c2c([N+](=O)[O-])cccc2[N+](=O)[O-])c([N+](=O)[O-])c1,-7.022,-7.012,0.013843209482729435,-4.2839226722717285,16.582889556884766,-0.29258333333333336,-0.29216666666666663,0.010000000000000675,0.0004166666666667318
O=C(Nc1ccc2c(c1)OCO2)N1CCN(S(=O)(=O)c2ccc(Cl)cc2)CC1,-10.05,-8.642,0.13835716247558594,-5.232590675354004,32.23517990112305,-0.35892857142857143,-0.3086428571428571,1.4080000000000013,0.05028571428571432
CC(C)(C)N(NC(=O)c1ccc(Cl)cc1)C(=O)c1coc2ccccc2c1=O,-8.838,-8.916,0.12786220014095306,-4.4217000007629395,41.136810302734375,-0.3156428571428571,-0.31842857142857145,-0.07800000000000118,-0.0027857142857143358
CCCSc1ccc2c(cc1=O)[C@@H](N)CCc1cc(OC)c(OC)c(OC)c1-2,-5.344,-5.747,0.5573939085006714,-4.535287380218506,41.60615539550781,-0.19085714285714286,-0.20525,-0.4029999999999996,-0.014392857142857124
C#CC(C(=O)NC(C)c1ccc(Cl)cc1)C(C)(C)C,-8.061,-8.746,0.033250436186790466,-4.7449846267700195,35.768157958984375,-0.42426315789473684,-0.46031578947368423,-0.6850000000000005,-0.03605263157894739
Cn1c(=O)c2cc(S(=O)(=O)Nc3ccc(Cl)cc3F)ccc2n(C)c1=O,-9.364,-9.784,0.18445385992527008,-4.64369535446167,42.1545295715332,-0.36015384615384616,-0.37630769230769234,-0.41999999999999993,-0.016153846153846185
Cn1c(N)c2c(=O)n(C)c(-c3ccc(Cl)cc3)cc2c(C#N)c1=O,-8.612,-7.494,0.34330880641937256,-4.679685115814209,40.130279541015625,-0.35883333333333334,-0.31224999999999997,1.1180000000000003,0.046583333333333365
CCc1nc(N)nc(N)c1-c1ccc(CNc2ccc(Cl)cc2)cc1,-10.11,-10.35,0.14697593450546265,-4.599456787109375,40.85466384887695,-0.4044,-0.414,-0.2400000000000002,-0.009599999999999997
Nc1nc(N)c(-c2ccc(Cl)cc2)c(CCCCCO)n1,-7.631,-8.523,0.5698049068450928,-4.934892654418945,46.27638244628906,-0.3633809523809524,-0.40585714285714286,-0.8919999999999995,-0.042476190476190445
O=C1Nc2ccc(Cl)cc2C12c1c(c3ccccc3oc1=O)Oc1c2c(=O)oc2ccccc12,-6.608,-4.194,0.08966345340013504,-4.661674976348877,29.002792358398438,-0.1943529411764706,-0.12335294117647058,2.4139999999999997,0.07100000000000001
CCC1(C)CC(=O)N(Nc2ccc(Cl)cc2)C1=O,-7.817,-8.017,0.20329317450523376,-4.530633449554443,34.47502517700195,-0.43427777777777776,-0.44538888888888883,-0.1999999999999993,-0.011111111111111072
Cc1ccc(C2=NO[C@@]3(C(=O)Nc4cc(Cl)ccc43)N2c2ccccc2)cc1,-10.1,-9.355,0.10161560773849487,-4.679210662841797,19.263843536376953,-0.3607142857142857,-0.3341071428571429,0.7449999999999992,0.02660714285714283
COc1ccccc1-c1oc2ccccc2c(=O)c1OC,-8.22,-8.323,0.06455973535776138,-4.252457141876221,15.379680633544922,-0.39142857142857146,-0.39633333333333337,-0.10299999999999976,-0.004904761904761912
Clc1ccc2c(c1)C1(CCNCC1)CN2c1ncnc2[nH]ccc12,-10.05,-9.211,0.1441381275653839,-5.338695049285889,25.475910186767578,-0.41875,-0.3837916666666667,0.8390000000000004,0.034958333333333313
CS(=O)(=O)c1ccc(-c2c(S(=O)(=O)c3ccc(Cl)cc3)sc3ncccc23)cc1,-9.526,-9.585,0.13660000264644623,-4.610476493835449,36.16253662109375,-0.32848275862068965,-0.3305172413793104,-0.05900000000000105,-0.002034482758620726
COc1cc(C(c2c(O)c3ccccc3oc2=O)c2c(O)c3ccccc3oc2=O)cc(Br)c1O,-8.834,-6.01,0.1546737253665924,-4.726562023162842,16.916362762451172,-0.2524,-0.1717142857142857,2.824,0.0806857142857143
COc1ccccc1-n1c(=O)oc2ccc(Cl)cc2c1=O,-8.683,-8.674,0.164997860789299,-4.5635480880737305,16.204299926757812,-0.41347619047619044,-0.413047619047619,0.009000000000000341,0.0004285714285714448
O=C(Nc1ccc(Cl)cc1)c1coc2ccccc2c1=O,-8.299,-7.46,0.1373150497674942,-4.6148576736450195,38.353668212890625,-0.39519047619047615,-0.35523809523809524,0.8389999999999995,0.039952380952380906
CC(=O)C(O)C(c1ccccc1)c1c(O)c2ccccc2oc1=O,-9.875,-9.133,0.04690660908818245,-4.686722278594971,21.179115295410156,-0.4114583333333333,-0.3805416666666666,0.7420000000000009,0.030916666666666703
Clc1ccc2c(N/N=C/c3ccc4c(c3)OCO4)ccnc2c1,-9.421,-10.11,0.6292542219161987,-4.771916389465332,41.82512664794922,-0.4096086956521739,-0.43956521739130433,-0.6890000000000001,-0.029956521739130437
O=C(Nc1ccc(-c2ccc(Cl)c(Cl)c2)cn1)C1=C(O)c2ccccc2S(=O)(=O)N1,-8.618,-5.614,0.4465118944644928,-4.748419284820557,31.015581130981445,-0.28726666666666667,-0.18713333333333332,3.0040000000000004,0.10013333333333335
CCc1c2c(c(C)c3c1Oc1ccccc1O3)C(=O)OC2,-8.717,-9.272,0.24226219952106476,-4.143481254577637,15.964651107788086,-0.41509523809523813,-0.44152380952380954,-0.5549999999999997,-0.026428571428571412
NC1=N[C@@H](CCC2(c3ccc(Cl)cc3)CC2)CO1,-8.874,-8.688,0.27210086584091187,-4.834823131561279,43.015472412109375,-0.49300000000000005,-0.4826666666666667,0.18599999999999994,0.010333333333333361
CC(C)(C)C(=O)Nc1ncccc1-c1ccc(-c2cnc(N)cn2)c(F)c1,-9.57,-8.408,0.06530829519033432,-4.345703125,31.646955490112305,-0.35444444444444445,-0.3114074074074074,1.1620000000000008,0.04303703703703704
O=C1C(c2ccc([N+](=O)[O-])cc2)=[N+]([O-])c2ccccc21,-8.33,-7.629,0.07519064098596573,-4.196046352386475,16.919782638549805,-0.4165,-0.38144999999999996,0.7010000000000005,0.035050000000000026
Cc1ccc(-c2ccc(NC(=O)C3=C(O)c4ccccc4S(=O)(=O)N3)cc2)cc1C,-8.548,-2.623,0.2088824063539505,-4.649141788482666,13.30331039428711,-0.2849333333333333,-0.08743333333333334,5.925,0.19749999999999998
Cc1ccc(Cl)c2c1[I+]c1ccccc1-2,,,0.7054874300956726,-4.044260501861572,26.229759216308594,,,,
CCCC(Br)(Br)c1cc2ccccc2c(=O)o1,-8.119,-7.934,0.5005359649658203,-4.092443466186523,16.64240264892578,-0.47758823529411765,-0.4667058823529412,0.1849999999999996,0.010882352941176454
NCCNC(=O)c1c(O)c2ccccc2oc1=O,-7.222,-7.866,0.010079859755933285,-5.169284343719482,14.493875503540039,-0.40122222222222226,-0.437,-0.6439999999999992,-0.03577777777777774
CCCCCCCCCCCCNCCN,-5.589,-6.15,0.023377804085612297,-4.400627613067627,15.069135665893555,-0.3493125,-0.384375,-0.5609999999999999,-0.035062499999999996
CN1Cc2cccc(-c3cccn3C(=O)OC(C)(C)C)c2C1=O,-8.374,-8.017,0.10263881087303162,-4.234443664550781,14.95323657989502,-0.36408695652173917,-0.3485652173913043,0.3570000000000011,0.015521739130434864
N=C(N)NC(=S)Nc1ccc(Cl)cc1,-7.207,-7.337,0.020686181262135506,-5.955272674560547,29.404024124145508,-0.5147857142857143,-0.5240714285714285,-0.1299999999999999,-0.00928571428571423
CC[C@@H](c1ccccc1)N1C(=O)c2c(F)c(F)c(F)c(F)c2C1=O,-10.07,-9.099,0.2565023899078369,-4.064852237701416,27.474853515625,-0.41958333333333336,-0.379125,0.9710000000000001,0.040458333333333374
Cc1nn(C(=O)C(C)N2C(=O)c3ccccc3C2=O)c(C)c1Br,-8.896,-8.968,0.06237470731139183,-4.256682872772217,12.36269474029541,-0.38678260869565223,-0.3899130434782609,-0.07199999999999918,-0.00313043478260866
CC(=O)c1ccc(Nc2ccc(-c3ccccc3C)nn2)cc1,-9.015,-9.07,0.08981797099113464,-4.373588562011719,16.157453536987305,-0.3919565217391305,-0.3943478260869565,-0.054999999999999716,-0.0023913043478260287
Cc1cc(NC(=O)c2ccc(C)c([N+](=O)[O-])c2)no1,-7.636,-7.91,0.02021052874624729,-4.869595527648926,8.797652244567871,-0.40189473684210525,-0.4163157894736842,-0.274,-0.014421052631578946
Cc1ccccc1Nc1ncnc2ccc(-c3cncs3)cc12,-9.455,-9.577,0.39400118589401245,-4.898253917694092,21.635662078857422,-0.41108695652173916,-0.41639130434782606,-0.12199999999999989,-0.005304347826086908
O=C1/C(=C/c2ccc(Cl)cc2)NS(=O)(=O)c2ccccc21,-9.167,-7.69,0.24216589331626892,-4.292382717132568,23.347639083862305,-0.43652380952380954,-0.36619047619047623,1.4769999999999994,0.0703333333333333
NS(=O)(=O)c1cccc(Nc2nnc(-c3ccc(Cl)cc3)c3ccccc23)c1,-9.563,-10.04,0.23214152455329895,-4.9369306564331055,38.207244873046875,-0.34153571428571433,-0.35857142857142854,-0.47699999999999854,-0.01703571428571421
Nc1ncnc(C#Cc2ccccc2)c1-c1ccc(Cl)cc1,-8.237,-9.301,0.0930251032114029,-4.598033905029297,33.25513458251953,-0.3744090909090909,-0.4227727272727273,-1.064,-0.048363636363636386
CN1C(=O)/C(=C/c2cccc(/C=C3/C(=O)N(C)c4ccccc43)n2)c2ccccc21,-9.823,-10.73,0.5772470235824585,-4.003200054168701,22.495716094970703,-0.32743333333333335,-0.3576666666666667,-0.907,-0.030233333333333334
Cc1nn(-c2ccccc2[N+](=O)[O-])c2c1c(=O)oc1ccccc12,-9.186,-8.389,0.025802981108427048,-4.680080890655518,15.934050559997559,-0.38275,-0.34954166666666664,0.7970000000000006,0.03320833333333334
COc1cccc2c1OC1(OC(=O)c3ccccc31)C2=O,-9.605,-10.2,0.029240677133202553,-4.20414400100708,17.246049880981445,-0.4573809523809524,-0.48571428571428565,-0.5949999999999989,-0.028333333333333266
CC1CC(=O)c2c(c3c(c4c(-c5ccc([N+](=O)[O-])cc5)cc(=O)oc24)OC(C)(C)C=C3)O1,-7.418,-8.682,0.027373390272259712,-4.600302219390869,25.975128173828125,-0.2318125,-0.2713125,-1.2640000000000002,-0.03950000000000001
O=C1NC(=O)C(c2ccccc2Cl)=C1Nc1ccc(O)c(Cl)c1,-8.206,-8.622,0.43529054522514343,-5.126335620880127,32.511634826660156,-0.35678260869565215,-0.3748695652173913,-0.41600000000000037,-0.01808695652173914
O=S1(=O)c2cc(Cl)ccc2NC(=S)c2c[nH]cc21,-8.193,-6.478,0.08152227103710175,-4.5191216468811035,13.92790412902832,-0.45516666666666666,-0.35988888888888887,1.7149999999999999,0.0952777777777778
CC(C)(C)c1cc(NC(=O)Nc2ccc(-c3cc(N)on3)cc2)no1,-7.314,-6.147,0.016477487981319427,-4.777969837188721,8.669571876525879,-0.29256,-0.24588000000000002,1.1669999999999998,0.04667999999999997
CON1C(=O)/C(=C\c2ccc(-c3ccccc3)cc2)c2ccccc21,-7.766,-8.355,0.13278572261333466,-4.004211902618408,11.71644115447998,-0.31064,-0.3342,-0.5890000000000004,-0.02355999999999997
COc1c(C=O)c2c(c(OC)c1OC)-c1ccc(OC)c(=O)cc1C(NC(C)=O)CC2,-4.267,-3.922,0.7270091772079468,-4.749682903289795,42.445396423339844,-0.1376451612903226,-0.12651612903225806,0.3450000000000002,0.011129032258064525
O=C1NC(=O)C2(CCOc3c2cc(Cl)c2ccccc32)N1,-9.628,-9.473,0.3658997714519501,-4.7472147941589355,31.40631675720215,-0.4584761904761905,-0.4510952380952381,0.15499999999999936,0.007380952380952377
O=C1/C(=C/c2ccc(Cl)cc2)COc2ccccc21,-8.614,-8.656,0.1332319676876068,-4.138735771179199,27.99505043029785,-0.45336842105263164,-0.4555789473684211,-0.041999999999999815,-0.0022105263157894406
Cc1ccc(-c2nc(N)ncc2-c2cc(F)c(O)c(F)c2)cc1,-9.697,-8.755,0.09653939306735992,-4.620698928833008,16.0946044921875,-0.4216086956521739,-0.3806521739130435,0.9419999999999984,0.04095652173913039
Fc1ccccc1-c1nc(-c2ccncc2)no1,-8.509,-8.379,0.2192031890153885,-3.9043307304382324,8.738471031188965,-0.47272222222222227,-0.46549999999999997,0.13000000000000078,0.0072222222222222965
CCCCCN1CC(=O)C(c2nc(-c3ccc(Cl)cc3)cs2)=C1N,-7.88,-7.089,0.7308309674263,-4.58975076675415,38.54722213745117,-0.3283333333333333,-0.295375,0.7909999999999995,0.03295833333333331
CCc1cccc2c1S(=O)(=O)c1ccccc1C2=O,-8.912,-8.408,0.3491223156452179,-4.290988922119141,24.81315803527832,-0.4690526315789474,-0.44252631578947366,0.5040000000000013,0.02652631578947373
Cc1ncc(-c2c(F)ccc(F)c2F)n1-c1ccc(Cl)cc1,-8.508,-9.296,0.18699230253696442,-4.22485876083374,22.644254684448242,-0.3867272727272727,-0.4225454545454545,-0.7880000000000003,-0.035818181818181805
C(#Cc1ccccn1)c1ccc(C#Cc2ccccn2)cc1,-6.728,-4.641,0.180383563041687,-3.929786205291748,6.1694016456604,-0.3058181818181818,-0.21095454545454545,2.0869999999999997,0.09486363636363637
Cc1ccc(C(=O)Nc2ccon2)cc1-c1ccc2c(c1)NC(=O)C2(C)C,-9.482,-8.67,0.09313058108091354,-5.06654167175293,32.87503433227539,-0.35118518518518516,-0.3211111111111111,0.8119999999999994,0.03007407407407403
CCCC1(CCC)C(=O)C(C2=NS(=O)(=O)c3ccccc3N2)=C(O)c2ccccc21,-9.468,-9.07,0.15692821145057678,-4.754666805267334,31.272457122802734,-0.3156,-0.30233333333333334,0.3979999999999997,0.013266666666666649
O=C1N=S(=O)(Nc2ccccc2)c2ccccc21,-8.569,-9.117,0.0914965271949768,-4.361979007720947,16.393917083740234,-0.4760555555555556,-0.5065000000000001,-0.548,-0.03044444444444444
O=C1Nc2ccc(S(=O)(=O)Nc3ccc(Cl)cn3)c3cccc1c23,-9.245,-10.03,0.13839459419250488,-5.066492557525635,37.796695709228516,-0.3852083333333333,-0.41791666666666666,-0.7850000000000001,-0.03270833333333334
c1ccc(-c2nc(-c3ccco3)cs2)nc1,-7.262,-7.097,0.32249218225479126,-4.103984832763672,5.270954132080078,-0.453875,-0.4435625,0.16499999999999915,0.010312499999999947
CN1C(=O)CCC2=C1CCc1cc(Cl)ccc12,-8.737,-9.217,0.5065829753875732,-4.168045520782471,24.295312881469727,-0.5139411764705882,-0.5421764705882354,-0.4800000000000004,-0.028235294117647136
Cc1onc(-c2ccccc2)c1-c1cnn(S(=O)(=O)c2ccc(Cl)cc2)c1,-9.15,-10.35,0.1879749596118927,-4.426792621612549,31.895755767822266,-0.3388888888888889,-0.3833333333333333,-1.1999999999999993,-0.0444444444444444
Nc1nc(N)c2nc(-c3ccc(F)cc3)cnc2n1,-8.644,-8.295,0.06611460447311401,-4.2753682136535645,12.421833992004395,-0.45494736842105266,-0.43657894736842107,0.3490000000000002,0.01836842105263159
O=C1N/C(=C\c2ccccc2)c2ccccc21,-9.08,-8.586,0.0299035906791687,-4.305072784423828,16.283769607543945,-0.5341176470588236,-0.5050588235294118,0.4939999999999998,0.029058823529411804
NC(=O)c1ccc(-c2ccc(Cl)cc2)s1,-7.895,-8.14,0.024844171479344368,-4.61821174621582,24.666494369506836,-0.5263333333333333,-0.5426666666666667,-0.245000000000001,-0.016333333333333422
Nc1ccc(-c2c(F)cccc2F)c(F)c1,-8.686,-8.789,0.08791963011026382,-4.226454257965088,21.686973571777344,-0.542875,-0.5493125,-0.10299999999999976,-0.006437499999999985
COc1ccc([C@@]2(C)C(=O)Nc3cc(Cl)cc(Cl)c3C2=O)cc1,-8.866,-7.953,0.4182386100292206,-4.535112380981445,33.95295715332031,-0.3854782608695652,-0.3457826086956522,0.9129999999999994,0.03969565217391302
Cc1ccc(C)c(N2c3ccc(Cl)cc3S(=O)(=O)c3c(N)nc(N)nc32)c1,-8.331,-6.23,0.12401745468378067,-4.572482109069824,18.388019561767578,-0.3085555555555555,-0.23074074074074075,2.100999999999999,0.07781481481481478
c1ccc(C(c2ccccc2)c2cccnc2)cc1,-9.195,-9.153,0.4458662271499634,-4.158755779266357,14.376511573791504,-0.4839473684210526,-0.4817368421052632,0.041999999999999815,0.0022105263157894406
O=C1Nc2ccccc2/C1=C/c1ccc([18F])cc1,-8.466,-8.468,0.1795351654291153,-4.115899085998535,21.326190948486328,-0.47033333333333327,-0.47044444444444444,-0.002000000000000668,-0.00011111111111117289
O=C1c2ccccc2C[C@]12[C@@H](c1cccs1)[C@@H]1CSCN1[C@@]21C(=O)Nc2ccccc21,-2.506,5.694,0.09242749959230423,-4.534934043884277,29.626121520996094,-0.08083870967741935,0.1836774193548387,8.2,0.2645161290322581
CN1c2nc(-c3ccc(Cl)cc3)cnc2C(N)=NS1(=O)=O,-7.743,-8.056,0.2542615532875061,-4.563774108886719,26.423810958862305,-0.3687142857142857,-0.3836190476190476,-0.31299999999999883,-0.014904761904761865
Cc1ccc(N2C(=O)c3ccccc3C(C)(C)C2=O)cc1,-8.729,-7.87,0.018789837136864662,-4.457512855529785,17.30635643005371,-0.41566666666666663,-0.37476190476190474,0.8589999999999991,0.04090476190476189
CCCCCCCCC[S+]([O-])CC(P(=O)(O)O)P(=O)(O)O,-6.233,-6.041,0.24611592292785645,-4.137012004852295,7.000530242919922,-0.2968095238095238,-0.2876666666666667,0.19199999999999928,0.00914285714285712
COc1ccc([C@@H]2[C@H]3CSCN3[C@]3(C(=O)Nc4ccccc43)[C@@]23C(=O)Oc2ccccc23)cc1,-1.533,4.922,0.419222354888916,-4.712928771972656,25.39510154724121,-0.045088235294117644,0.14476470588235293,6.455,0.18985294117647059
CCS(=O)(=O)Nc1cc(-c2ccc3ncnc(Nc4ccc(F)c(Cl)c4)c3c2)cnc1OC,-8.256,-9.19,0.7566106915473938,-4.812119007110596,44.368709564208984,-0.25018181818181817,-0.27848484848484845,-0.9339999999999993,-0.028303030303030274
CN(C)c1ccnc(NC(=O)C(C)(C)C)c1,-6.632,-6.809,0.03790133446455002,-4.154902935028076,13.69399642944336,-0.4145,-0.4255625,-0.1770000000000005,-0.01106250000000003
O=C1Nc2ccc(Cl)cc2[C@@]12C[C@@H]2c1ccc(F)cc1,-9.002,-8.894,0.7494057416915894,-4.559250354766846,30.775407791137695,-0.45010000000000006,-0.4447,0.10800000000000054,0.005400000000000071
Cc1ncc(C#Cc2ccc3c(=O)c(-c4ccc(NS(C)(=O)=O)cc4)coc3c2)n1C,-4.273,8.309,0.31564170122146606,-4.96376371383667,30.734079360961914,-0.13783870967741935,0.2680322580645161,12.581999999999999,0.40587096774193543
CC(NC(=O)C(C#N)C(C)(C)C)c1ccc(Cl)cc1,-8.299,-8.233,0.08888448029756546,-4.751317501068115,35.768157958984375,-0.4367894736842105,-0.43331578947368427,0.06599999999999895,0.00347368421052624
CC(NC(N)=O)C(=O)Nc1ccc(Cl)c(S(=O)(=O)Nc2ccc(Cl)cc2)c1,-9.108,-9.326,0.024045931175351143,-5.463066577911377,31.80267906188965,-0.3373333333333334,-0.34540740740740744,-0.21799999999999997,-0.008074074074074067
Nc1ccc(-c2c(F)cccc2Cl)c(F)c1,-8.56,-8.828,0.3054042458534241,-4.221893310546875,33.25896072387695,-0.535,-0.55175,-0.2679999999999989,-0.01674999999999993
COc1ccc2c(-c3cc(OC)c(OC)c(OC)c3)cccc2c1,-8.912,-9.368,0.3039025366306305,-4.265680313110352,10.9308500289917,-0.37133333333333335,-0.39033333333333337,-0.4559999999999995,-0.019000000000000017
COc1ccc2c(c1)C1(CC(=O)Nc3c1cnn3Cc1ccc(Cl)cc1)C(=O)N2,-9.197,-10.89,0.6491385698318481,-4.946322441101074,25.741445541381836,-0.31713793103448273,-0.37551724137931036,-1.6930000000000014,-0.05837931034482763
CCCCN1C(=N)C(CC)(CC)C(=O)NC1=O.Cl,,,0.6000270247459412,-4.905314922332764,24.496519088745117,,,,
COc1ccc(C23Cc4cc(OC)c(OC)cc4C(O2)c2c(c4ccccc4oc2=O)O3)cc1,-9.349,-3.977,0.6627529859542847,-5.038097381591797,38.113677978515625,-0.27497058823529413,-0.11697058823529412,5.372,0.15800000000000003
COc1ccc(NC(=O)c2ccc(-c3c(C)noc3C)c3ccoc23)cc1,-8.31,-8.002,0.23540589213371277,-5.028687477111816,32.061832427978516,-0.3077777777777778,-0.2963703703703704,0.30799999999999983,0.011407407407407422
CN1C(=O)[C@]2(C(C#N)=C(N)OC(c3c[nH]c4ccccc34)=C2C#N)c2ccccc21,-8.433,-4.648,0.4548461139202118,-4.8859429359436035,26.671321868896484,-0.2811,-0.1549333333333333,3.785,0.1261666666666667
Nc1nnc(-c2cccc(Cl)c2Cl)c(N)n1,-8.712,-8.422,0.06022612750530243,-4.371277809143066,28.0981388092041,-0.5445,-0.526375,0.28999999999999915,0.018124999999999947
C=C(Nc1ccc([N+](=O)[O-])cc1[N+](=O)[O-])c1c/c(=N\NC(N)=S)c2ccccc2o1,-9.695,-9.375,0.10880815237760544,-5.12182092666626,29.96768569946289,-0.32316666666666666,-0.3125,0.3200000000000003,0.010666666666666658
COc1ccccc1N1C(=O)c2cccnc2C1=O,-8.504,-8.15,0.16538207232952118,-4.176619529724121,11.711957931518555,-0.447578947368421,-0.42894736842105263,0.3539999999999992,0.018631578947368388
CC(O)(C(=O)Nc1ccccc1Cl)C(F)(F)F,-7.259,-7.419,0.6222326159477234,-4.086006164550781,16.887983322143555,-0.42700000000000005,-0.43641176470588233,-0.15999999999999925,-0.009411764705882286
COc1cc(Nc2ccc(-c3ccccc3F)nn2)cc(OC)c1OC,-8.049,-8.428,0.25659364461898804,-4.28199577331543,13.186382293701172,-0.3095769230769231,-0.3241538461538462,-0.37900000000000134,-0.014576923076923098
CC(C)(C)OC(=O)n1cc(C=O)c2ccccc21,-7.423,-8.152,0.20239698886871338,-4.303004264831543,14.662765502929688,-0.4123888888888889,-0.45288888888888884,-0.7289999999999992,-0.040499999999999925
Clc1ccccc1-c1ccc2nccn2c1,-8.358,-8.322,0.7071500420570374,-4.245917320251465,16.627851486206055,-0.522375,-0.520125,0.036000000000001364,0.0022500000000000853
Cc1ccc2c(c1)C(O)=C(C(=O)Nc1ccccn1)N(C)S2(=O)=O,-8.101,-7.725,0.10097362101078033,-4.809020042419434,29.07695198059082,-0.3375416666666667,-0.32187499999999997,0.3760000000000012,0.015666666666666718
CC(C)(C)C(=O)Nc1ccccc1Br,-6.95,-7.103,0.07823294401168823,-4.067111015319824,14.249939918518066,-0.49642857142857144,-0.5073571428571428,-0.15299999999999958,-0.010928571428571399
Cn1ncc(C(=O)c2ccc3c(c2)n(C(C)(C)C)c(=O)n3C)c1O,-8.064,-8.365,0.02984432689845562,-4.559762477874756,17.99958038330078,-0.336,-0.3485416666666667,-0.30100000000000016,-0.012541666666666673
Cc1cnn2c(-c3ccc(F)cc3)c(-c3ccc(S(C)(=O)=O)cc3)nc2c1C,-7.01,-7.584,0.2718866765499115,-4.282530784606934,14.42091178894043,-0.25035714285714283,-0.27085714285714285,-0.5739999999999998,-0.020500000000000018
Cc1ccc(C(=O)NNC(=O)c2ccc(NC(=O)C(C)(C)C)cc2)cc1,-6.725,-8.69,0.012049125507473946,-4.730210304260254,15.251132011413574,-0.2586538461538461,-0.3342307692307692,-1.9649999999999999,-0.0755769230769231
Nc1ccc2c(c1)[N+]([O-])=C(c1ccc(Cl)cc1)C2=O,-7.663,-8.002,0.239339679479599,-4.5691447257995605,37.7877311706543,-0.40331578947368424,-0.4211578947368421,-0.3390000000000004,-0.01784210526315788
Brc1cccc2nc(C#Cc3ccccc3)ccc12,-8.564,-8.212,0.22921517491340637,-4.067936420440674,5.431818962097168,-0.45073684210526316,-0.43221052631578943,0.3520000000000003,0.018526315789473724
O=P(O)(O)C(F)(F)c1cccc(/C=C\c2ccc(F)cc2)c1,-9.203,-10.22,0.635126531124115,-4.102860927581787,14.431017875671387,-0.4183181818181818,-0.4645454545454546,-1.0170000000000012,-0.046227272727272783
O=C1Nc2cc(Cl)ccc2Oc2ccccc21,-8.564,-8.141,0.059231217950582504,-4.649060249328613,30.064668655395508,-0.5037647058823529,-0.4788823529411765,0.42300000000000004,0.02488235294117641
CC1(C)OC(=O)C(C(c2ccccc2)C(C#N)C(N)=O)=C(O)O1,-8.173,-6.373,0.017183994874358177,-4.861937522888184,10.232821464538574,-0.35534782608695653,-0.27708695652173915,1.7999999999999998,0.07826086956521738
NC(=O)n1cc(NC(=O)N2C[C@@H](N)C[C@H]2C(=O)NC(c2ccccc2)c2ccccc2)c2ccccc21,-9.191,-10.64,0.2510748505592346,-5.559296131134033,49.914798736572266,-0.24840540540540543,-0.2875675675675676,-1.4489999999999998,-0.039162162162162145
Cn1oc(=O)c(-c2ccc(F)cc2)c1-c1ccncc1,-7.914,-7.452,0.4951842725276947,-3.994135618209839,14.288901329040527,-0.3957,-0.3726,0.46199999999999974,0.02310000000000001
Cc1ccccc1C1CC(=O)c2ccccc2C1C,-8.683,-8.579,0.27383166551589966,-4.241435527801514,11.721061706542969,-0.457,-0.4515263157894737,0.1039999999999992,0.005473684210526297
C=C[C@H](OC(C)=O)c1ccc(OC(C)=O)c(F)c1F,-7.71,-8.205,0.16243530809879303,-4.068047046661377,6.23513126373291,-0.40578947368421053,-0.4318421052631579,-0.4950000000000001,-0.026052631578947383
CCOc1ccccc1C1CC(=O)c2ccccc2O1,-8.937,-8.295,0.418952614068985,-4.186193466186523,7.925821304321289,-0.44684999999999997,-0.41475,0.6419999999999995,0.03209999999999996
Cn1c2ccccc2c2cc(/C=C3\C(=O)Nc4ccccc43)ccc21,-9.744,-8.679,0.13052408397197723,-4.596522808074951,27.70328712463379,-0.38976,-0.34716,1.0649999999999995,0.04259999999999997
Cc1ccc(S(=O)(=O)Nc2ccc(C(N)=O)cc2)cc1[N+](=O)[O-],-8.88,-9.552,0.03559580445289612,-4.867793083190918,22.119665145874023,-0.3860869565217392,-0.41530434782608694,-0.6719999999999988,-0.02921739130434775
Cc1cc2c(cc1C)N1C(=O)c3cc4ccccc4cc3NC(=O)C1C(=O)N2,-8.359,-6.482,0.1598779559135437,-4.5493035316467285,15.048748970031738,-0.2985357142857143,-0.2315,1.8769999999999998,0.06703571428571428
C1=C(/C=C\c2cccnc2)COc2ccccc21,-9.158,-9.117,0.3679925501346588,-4.147395610809326,7.34122371673584,-0.5087777777777778,-0.5065000000000001,0.04099999999999859,0.002277777777777712
COc1cccc(/C=C2\CCCc3ccccc3C2=O)c1OC,-7.338,-7.113,0.11132119596004486,-4.23693323135376,11.918929100036621,-0.3190434782608696,-0.3092608695652174,0.22499999999999964,0.009782608695652173
O=Cc1cccc(Nc2ccnc3cc(Cl)ccc23)c1,-9.168,-9.267,0.3621048033237457,-4.557819843292236,40.623924255371094,-0.4584,-0.46335,-0.0990000000000002,-0.00495000000000001
Cc1cc2nc3n(c2cc1C)C1(Nc2ccccc2-3)C(=O)Nc2ccccc21,-8.559,-5.214,0.24565990269184113,-4.802932262420654,21.950437545776367,-0.3056785714285714,-0.18621428571428572,3.344999999999999,0.11946428571428569
Nc1cccc2c1C1c3ccccc3C2C2C(=O)NC(=O)C12,-11.17,-11.02,0.05838990956544876,-4.525662899017334,12.84287166595459,-0.5077272727272727,-0.5009090909090909,0.15000000000000036,0.006818181818181834
COc1ccc2c(c1)[nH]c1c3cnc4ccccc4c3c3c(c21)C(=O)NC3=O,-10.61,-9.315,0.4162689745426178,-4.744335174560547,21.453128814697266,-0.3789285714285714,-0.33267857142857143,1.295,0.04624999999999996
Cc1nc(CN2CC(=O)N(C)c3ccccc3C2=O)no1,-6.829,-6.54,0.6174159049987793,-4.299788951873779,17.277528762817383,-0.3251904761904762,-0.31142857142857144,0.2889999999999997,0.013761904761904753
O=Cc1ccccc1-c1cccc(Cl)c1,-8.623,-8.457,0.29679548740386963,-4.084776401519775,19.999359130859375,-0.5748666666666666,-0.5638000000000001,0.1659999999999986,0.011066666666666558
O=C1c2ccccc2C(=O)N1c1noc2ccccc12,-9.346,-8.561,0.042204611003398895,-4.5998053550720215,16.013212203979492,-0.4673,-0.42805,0.7850000000000001,0.03925000000000001
O=c1c2ccccc2sn1-c1ccccc1F,-8.41,-7.888,0.11689646542072296,-4.337413787841797,19.74588394165039,-0.49470588235294116,-0.46399999999999997,0.5220000000000002,0.030705882352941194
O=C1c2ccccc2C2OCC(c3ccccc3)N12,-9.368,-9.196,0.09965508431196213,-4.739223003387451,14.341907501220703,-0.4930526315789474,-0.484,0.1720000000000006,0.009052631578947423
CC(C)CNS(=O)(=O)c1ccccc1-c1ccc(-c2cnc(N)cn2)c(F)c1,-9.303,-8.483,0.09531230479478836,-4.798803329467773,14.979970932006836,-0.33225000000000005,-0.30296428571428574,0.8200000000000003,0.029285714285714304
COc1cccc(C(c2c(N)c3ccccc3oc2=O)c2c(N)c3ccccc3oc2=O)c1,-11.1,-5.824,0.04921835660934448,-4.718713283538818,18.911531448364258,-0.33636363636363636,-0.17648484848484847,5.276,0.1598787878787879
C=C1C(C)=C(C#N)C(=O)N1c1ccccc1-c1ccccc1,-9.198,-8.609,0.21309027075767517,-4.293074131011963,13.841282844543457,-0.4180909090909091,-0.39131818181818184,0.5890000000000004,0.02677272727272728
NCCCN(CCCN1CCN(CCCNc2ccnc3cc(Cl)ccc23)CC1)CC1CC1,-7.65,-8.462,0.9890220165252686,-5.426356315612793,64.84938049316406,-0.23181818181818184,-0.25642424242424244,-0.8119999999999994,-0.024606060606060604
COC(=O)c1c(-c2ccc(OC)cc2)oc2ccccc2c1=O,-8.039,-7.894,0.3738170564174652,-4.3346428871154785,10.215948104858398,-0.34952173913043477,-0.3432173913043478,0.14499999999999957,0.0063043478260869645
Cc1ccccc1N1C(=O)c2c(C)nc3ccc(Br)cc3c2C1=O,-8.943,-8.001,0.12876100838184357,-4.422967910766602,11.280111312866211,-0.372625,-0.333375,0.9420000000000002,0.03925000000000001
FC(F)(F)c1ccccc1-c1ncco1,-7.465,-7.556,0.7422438859939575,-3.981189012527466,21.410297393798828,-0.49766666666666665,-0.5037333333333334,-0.09100000000000019,-0.00606666666666672
Cc1c(N2C(=O)c3ccccc3C2=O)c(=O)n(-c2ccccc2)n1C,-9.375,-7.84,0.2892002463340759,-4.190524101257324,16.545974731445312,-0.375,-0.3136,1.5350000000000001,0.06140000000000001
Cn1c2ccccc2n2c3ccccc3c(=O)c(C#N)c12,-9.199,-8.402,0.6146864891052246,-4.449180603027344,33.78838348388672,-0.438047619047619,-0.40009523809523806,0.7970000000000006,0.03795238095238096
CCN(CC)C(=O)Cn1c(=O)oc2ccccc21,-7.052,-7.164,0.6458675265312195,-3.9871861934661865,5.858161449432373,-0.3917777777777778,-0.39799999999999996,-0.1120000000000001,-0.006222222222222185
COC(=O)[C@@H](C)c1ccc(C)c2ccc(C)c-2c1,-8.213,-9.072,0.061769038438797,-4.161468029022217,5.276507377624512,-0.4562777777777777,-0.504,-0.859,-0.04772222222222228
CCc1ccccc1[Se][Se]c1ccccc1CC,,,0.5413163304328918,-4.085803508758545,16.807403564453125,,,,
COc1cc(Nc2nc3cccc(-c4ccccn4)c3o2)cc(OC)c1OC,-9.003,-9.006,0.37148353457450867,-4.189834117889404,6.883718967437744,-0.3215357142857143,-0.3216428571428572,-0.0030000000000001137,-0.0001071428571428612
COc1nc(Cl)cn(-c2ccc(Cl)cc2)c1=O,-7.854,-8.096,0.3568655550479889,-4.183061122894287,10.195961952209473,-0.462,-0.4762352941176471,-0.242,-0.014235294117647068
Clc1ccc(-c2csc(-c3cccnc3)n2)s1,-7.594,-6.988,0.6451845765113831,-4.154741287231445,7.762128829956055,-0.4467058823529412,-0.4110588235294118,0.6059999999999999,0.035647058823529365
CC(C)(C)C(=O)Nc1cc(C(F)(F)F)ccc1-n1ccnc1,-8.183,-8.612,0.5808390974998474,-4.213902950286865,13.208452224731445,-0.3719545454545454,-0.39145454545454544,-0.42900000000000027,-0.019500000000000017
CCCCCCCCCC(=O)C(O)CC,-6.263,-6.268,0.12031766772270203,-4.103854656219482,4.278242588043213,-0.4175333333333333,-0.41786666666666666,-0.004999999999999893,-0.00033333333333335213
Cc1c(N2C(=O)c3ccccc3C2=O)cccc1[N+](=O)[O-],-9.542,-8.39,0.021640857681632042,-4.23031759262085,14.544222831726074,-0.4543809523809524,-0.39952380952380956,1.1519999999999992,0.05485714285714283
C#CCN1C(=O)COc2cc(F)c(N3C(=O)c4cccc(C)c4C3=O)cc21,-9.39,-8.074,0.3887905180454254,-4.804653644561768,27.470687866210938,-0.3477777777777778,-0.29903703703703705,1.3160000000000007,0.04874074074074075
O=C1/C(=C/c2cccc(Cl)c2)NS(=O)(=O)c2ccccc21,-9.701,-8.522,0.20019569993019104,-4.469489097595215,13.48287296295166,-0.461952380952381,-0.40580952380952384,1.1790000000000003,0.05614285714285716
CCCC1(CCC)NC(=S)N(c2ccccc2)N1,-7.715,-7.198,0.6479708552360535,-4.292407512664795,12.981549263000488,-0.4286111111111111,-0.3998888888888889,0.5169999999999995,0.028722222222222205
CC(C)NC(=O)N(C)C[C@@H]1OCc2ccccc2-c2c(n(C)c3ccccc23)C(=O)N([C@@H](C)CO)C[C@@H]1C,-4.749,-5.384,0.49938836693763733,-4.957486629486084,35.8372917175293,-0.1249736842105263,-0.1416842105263158,-0.6350000000000007,-0.016710526315789495
Clc1ccc(-c2nnc(-c3ccncc3)o2)c(Cl)c1,-8.862,-8.343,0.5392642617225647,-4.231734752655029,14.441179275512695,-0.46642105263157896,-0.4391052631578947,0.5190000000000001,0.027315789473684238
CN1C(=O)CC(c2cccs2)Sc2ccccc21,-5.986,-5.592,0.6326465606689453,-4.341061592102051,11.988717079162598,-0.33255555555555555,-0.31066666666666665,0.39400000000000013,0.021888888888888902
COc1ccc(N)c(N2C(=O)c3ccccc3C2=O)c1,-8.743,-8.41,0.04510503262281418,-4.376739501953125,16.49429702758789,-0.43715000000000004,-0.4205,0.3330000000000002,0.016650000000000054
CC(CCc1ccccc1)NCc1ccncc1,-7.923,-7.463,0.5672968626022339,-4.123008728027344,9.901223182678223,-0.44016666666666665,-0.4146111111111111,0.45999999999999996,0.025555555555555554
C[C@@H](CCCN1CCOCC1)Nc1ccnc2cc(Cl)ccc12,-7.808,-8.68,0.9887121319770813,-4.711187839508057,63.22550964355469,-0.33947826086956523,-0.3773913043478261,-0.8719999999999999,-0.037913043478260855
CC(=O)c1ccc(N2C(=O)c3ccc(C(=O)c4ccc5c(c4)C(=O)N(c4ccc(C(C)=O)cc4)C5=O)cc3C2=O)cc1,-2.63,-3.856,0.01938989758491516,-4.080045223236084,6.481104373931885,-0.06261904761904762,-0.09180952380952381,-1.226,-0.029190476190476197
CC(=O)N(C1=CC(=O)CCC1)c1ccc(Cl)cc1,-8.369,-8.248,0.3773346543312073,-4.0581889152526855,10.390442848205566,-0.46494444444444444,-0.4582222222222222,0.12100000000000044,0.0067222222222222405
c1ccc(CCc2nc(-c3ccccn3)no2)cc1,-9.087,-8.428,0.4122525155544281,-4.097682476043701,3.6633172035217285,-0.47826315789473683,-0.4435789473684211,0.6589999999999989,0.03468421052631576
COc1ccc(N2C(=O)/C(=C3/C(=O)Nc4ccccc43)c3ccccc32)cc1,-9.991,-7.697,0.14609132707118988,-4.333252429962158,20.82012367248535,-0.35682142857142857,-0.27489285714285716,2.2939999999999996,0.0819285714285714
CCN1CCN(c2ccnc(NCCCNc3ccnc4cc(Cl)ccc34)n2)CC1,-8.882,-8.938,0.9744886755943298,-4.450845718383789,50.53292465209961,-0.29606666666666664,-0.29793333333333333,-0.05600000000000094,-0.0018666666666666831
Cc1ccc([N+](=O)[O-])cc1NC(=S)NC(=O)C(C)(C)C,-7.635,-7.246,0.017495781183242798,-4.491128444671631,20.136531829833984,-0.38175,-0.3623,0.38899999999999935,0.019449999999999967
CC(=O)Nc1ccc(NC(=O)c2cccc3c2-c2ccccc2C3=O)cc1,-9.456,-9.546,0.0861954540014267,-4.816537380218506,31.048376083374023,-0.3502222222222222,-0.3535555555555555,-0.08999999999999986,-0.0033333333333332993
O=C(Nc1ccc2c(c1)OCO2)C(c1ccc(Cl)cc1)N1CCN(C(=O)c2ccco2)CC1,-10.15,-8.14,0.5595488548278809,-5.088006019592285,30.635597229003906,-0.3075757575757576,-0.24666666666666667,2.01,0.06090909090909094
COc1cc(NS(C)(=O)=O)c2[nH]c(C)c(-c3cc(F)ccc3OC)c2c1,-7.626,-7.986,0.6933866143226624,-4.798484802246094,29.62284278869629,-0.2933076923076923,-0.30715384615384617,-0.35999999999999943,-0.013846153846153841
c1ccc(CCCCc2ccncc2)cc1,-7.511,-7.662,0.7382584810256958,-4.023003578186035,8.364006996154785,-0.4694375,-0.478875,-0.1509999999999998,-0.009437499999999988
c1ccc(-c2cn3cccc(-c4ccccc4)c3n2)cc1,-9.955,-10.01,0.5802401900291443,-4.21854829788208,8.645469665527344,-0.47404761904761905,-0.4766666666666667,-0.054999999999999716,-0.002619047619047632
O=C1Nc2ccccc2/C1=C\c1n[nH]c2ccccc2c1=O,-10.92,-10.63,0.23101913928985596,-4.59329080581665,25.840347290039062,-0.49636363636363634,-0.4831818181818182,0.28999999999999915,0.013181818181818128
Cc1ccc(-n2nc(C)c3conc3c2=O)cc1,-7.913,-8.808,0.015509518794715405,-4.874688148498535,9.640045166015625,-0.4396111111111111,-0.48933333333333334,-0.8949999999999996,-0.04972222222222222
CC(=NNC(S)=NC(C)(C)C)c1ccccn1,-6.238,-6.948,0.32077544927597046,-4.300810813903809,12.442206382751465,-0.36694117647058827,-0.4087058823529412,-0.71,-0.041764705882352926
Nc1ccc2c(O)c(C(=O)NCc3ccc(Cl)cc3)cnc2n1,-9.21,-9.089,0.08951503038406372,-5.361687660217285,33.34959030151367,-0.4004347826086957,-0.39517391304347826,0.12100000000000044,0.00526086956521743
COc1ccc2c(=O)c3c(OC)cc(OC)c(-c4cc(F)cc(F)c4)c3oc2c1OC,-8.824,-7.551,0.03627412021160126,-4.405101776123047,19.766847610473633,-0.2846451612903226,-0.24358064516129033,1.2729999999999997,0.04106451612903225
CC(O)(C(=O)Nc1cccc(Cl)c1Cl)C(F)(F)F,-7.311,-7.427,0.4598700702190399,-4.189303398132324,15.498112678527832,-0.4061666666666667,-0.4126111111111111,-0.11599999999999966,-0.006444444444444419
COc1ccc([C@H]2[C@H]3COc4ccc(F)cc4C3=NN2C(C)=O)cc1,-10.27,-8.327,0.7180813550949097,-4.3169050216674805,19.469636917114258,-0.4108,-0.33308,1.9429999999999996,0.07772000000000001
CC(C)[n+]1cc2ccccc2c2ccccc21,-8.726,-8.524,0.7047775983810425,-4.18124532699585,10.366419792175293,-0.5132941176470589,-0.5014117647058823,0.20200000000000173,0.011882352941176566
Fc1cccnc1C#Cc1ccc2ccccc2n1,-8.358,-8.589,0.8504911065101624,-3.825927495956421,5.373226165771484,-0.4398947368421053,-0.4520526315789474,-0.23099999999999987,-0.01215789473684209
COc1cc(/C=C2\C(=O)Nc3ccc(Nc4ccco4)cc32)cc(OC)c1OC,-7.698,-8.75,0.16141533851623535,-4.95783805847168,31.264799118041992,-0.265448275862069,-0.3017241379310345,-1.0519999999999996,-0.03627586206896549
O=S(=O)(c1ccc(C(F)(F)F)cc1)N1CCN(C(c2ccc(Cl)cc2)c2cncnc2)CC1,-9.482,-10.02,0.9191379547119141,-4.779308795928955,48.3326301574707,-0.28733333333333333,-0.30363636363636365,-0.5380000000000003,-0.01630303030303032
COc1cc(OC)c(C2COc3c(ccc4c3C=CC(C)(C)O4)C2=O)cc1OC,-8.982,-8.777,0.26577702164649963,-4.677767753601074,28.151010513305664,-0.3097241379310345,-0.3026551724137931,0.20500000000000007,0.007068965517241399
Cc1ccc(-n2c(=O)c3c(n4cnnc24)-c2ccccc2CC32CCCCC2)cc1,-8.844,-7.44,0.014900445938110352,-4.590721607208252,13.726411819458008,-0.2948,-0.24800000000000003,1.403999999999999,0.04679999999999998
CN(C)C1(CNCCC2CCOCC2)COc2ccc(F)cc2OC1,-7.031,-6.796,0.6747947931289673,-4.634982585906982,36.58378982543945,-0.28124,-0.27184,0.23499999999999943,0.009399999999999964
CC(C)N1C(=O)CC(C)(C)c2cc(C#Cc3ccc(C(=O)O)cc3)ccc21,-7.946,-6.863,0.008240068331360817,-5.018193244934082,3.316995143890381,-0.2942962962962963,-0.2541851851851852,1.0829999999999993,0.0401111111111111
COc1ccc(-c2coc3cc(OC)cc(OC)c3c2=O)cc1,-7.677,-6.884,0.07996860891580582,-4.610648155212402,15.513778686523438,-0.3337826086956522,-0.29930434782608695,0.7929999999999993,0.034478260869565236
Cl.Cn1nnc(O)c1CC(N)C(=O)O,,,0.006270225625485182,-5.529760837554932,5.3230485916137695,,,,
CCOCCCNC(=O)C(NC(=O)c1ccc2c(c1)OCO2)c1ccc(Cl)cc1,-8.744,-9.289,0.9798824191093445,-5.0782470703125,42.08000183105469,-0.30151724137931035,-0.3203103448275862,-0.5449999999999999,-0.01879310344827584
COC(=O)c1ccccc1NC(=O)Oc1ccc(C(C)C)cc1,-8.783,-8.909,0.2007495015859604,-4.016948223114014,3.684769868850708,-0.3818695652173913,-0.38734782608695656,-0.12600000000000122,-0.005478260869565266
CC(=O)Nc1cc(F)ccc1CN1Cc2c(c(O)c3ncccc3c2N(C)S(C)(=O)=O)C1=O,-8.388,-8.621,0.7490115165710449,-5.170879364013672,39.518272399902344,-0.2541818181818182,-0.2612424242424243,-0.23300000000000054,-0.0070606060606061005
CC(C)OC(=O)C(C)(C)Oc1ccc(C(=O)c2ccc(Cl)cc2)cc1,-7.91,-9.329,0.5465121269226074,-4.26461124420166,29.056774139404297,-0.3164,-0.37316000000000005,-1.4190000000000005,-0.05676000000000003
Clc1ccc(C(NCC2CCCCC2)c2cccnc2)cc1,-8.932,-9.479,0.8730701804161072,-4.995765686035156,42.01264953613281,-0.406,-0.43086363636363634,-0.5469999999999988,-0.02486363636363631
COc1ccc(C2(c3cccc(-c4cccnc4F)c3)COC(N)=N2)cc1,-10.77,-10.73,0.20922143757343292,-4.460183620452881,19.7971248626709,-0.39888888888888885,-0.39740740740740743,0.03999999999999915,0.001481481481481417
CCCCCCCC(=O)OC[C@H](CO)OC(C)=O,-6.082,-6.444,0.34814077615737915,-4.132142066955566,4.070552349090576,-0.3378888888888889,-0.358,-0.3620000000000001,-0.02011111111111108
Cc1ccc(Cl)cc1NS(=O)(=O)c1cc2c(cc1Cl)CCC(=O)N2,-9.152,-9.982,0.6125367879867554,-4.9213175773620605,34.26003646850586,-0.3813333333333333,-0.41591666666666666,-0.8300000000000001,-0.034583333333333355
C[C@H](Cc1ccccc1)NCCc1ccccc1,-7.961,-7.59,0.37559396028518677,-4.183236122131348,7.041868686676025,-0.44227777777777777,-0.42166666666666663,0.37100000000000044,0.020611111111111136
NC(=O)c1cnc(NCC2CCCCN2)c2cc(-c3ccc(Cl)cc3)sc12,-9.197,-9.643,0.6354925632476807,-5.2424635887146,33.20859146118164,-0.3406296296296296,-0.35714814814814816,-0.4460000000000015,-0.016518518518518543
O=C(Nc1ccc(F)c([N+](=O)[O-])c1)Nc1cccc2c(O)cccc12,-9.317,-8.716,0.04690435156226158,-4.998177528381348,24.26337432861328,-0.37268,-0.34863999999999995,0.6010000000000009,0.02404000000000006
O=C1C(=O)N(CC(CO)NCCCCNc2ccnc3cc(Cl)ccc23)c2ccc(Cl)cc21,-8.733,-9.427,0.9554497003555298,-5.198963165283203,46.60811233520508,-0.26463636363636367,-0.2856666666666667,-0.6939999999999991,-0.02103030303030301
CC(=O)N1C(=O)c2cc3ccccc3cc21,-9.07,-8.339,0.1165972501039505,-3.958852767944336,3.6104471683502197,-0.566875,-0.5211875,0.7309999999999999,0.04568749999999999
COc1ccc(-c2c(NC(=O)C(C)C)n(C)c3ccccc3c2=O)cc1,-7.321,-7.214,0.6099221110343933,-4.634474754333496,34.2346305847168,-0.28157692307692306,-0.2774615384615385,0.10699999999999932,0.004115384615384576
COc1n[nH]c2ncc(NC(=O)c3c(F)ccc(NC(=O)c4cccc(C(C)(C)C#N)c4)c3F)cc12,-8.523,-8.408,0.6198179125785828,-4.768437385559082,33.76791763305664,-0.23675,-0.23355555555555554,0.11500000000000021,0.003194444444444444
Cc1ccc2c(CN3CCN(S(=O)(=O)c4ccc(Cl)cc4)CC3)cc(=O)oc2c1C,-9.946,-9.765,0.4087006747722626,-5.054062366485596,30.58417320251465,-0.33153333333333335,-0.3255,0.18099999999999916,0.006033333333333335
O=C1Nc2ccccc2/C1=C\c1ccccc1C(F)(F)F,-9.966,-10.01,0.5419793128967285,-4.239400863647461,27.256563186645508,-0.47457142857142853,-0.4766666666666667,-0.04400000000000048,-0.00209523809523815
CC(C(=O)c1ccc(Cl)cc1)n1ccccc1=O,-8.503,-8.861,0.09638912975788116,-4.13507604598999,6.495994567871094,-0.4723888888888889,-0.4922777777777778,-0.35800000000000054,-0.0198888888888889
CCN1CCN(c2nc(Cl)cc(NCCCNc3ccnc4cc(Cl)ccc34)n2)CC1,-8.957,-9.02,0.9764192700386047,-4.447836399078369,44.97091293334961,-0.2889354838709678,-0.29096774193548386,-0.06299999999999883,-0.002032258064516068
COC(=O)C(C)(C)ONC(=O)Nc1ccc(C)cc1,-6.587,-6.824,0.012077459134161472,-4.630135536193848,11.426300048828125,-0.34668421052631576,-0.3591578947368421,-0.2370000000000001,-0.012473684210526359
CCn1nc(-c2ccc(S(C)(=O)=O)cc2)c(-c2ccc(F)cc2)c1C(F)(F)F,-8.818,-9.052,0.8156600594520569,-4.439550876617432,34.71770095825195,-0.3149285714285714,-0.3232857142857143,-0.23399999999999999,-0.008357142857142896
Cc1ccc(C(=O)Nc2ccc(Cl)cc2)cc1NC(=O)C1(c2ncnc3[nH]ccc23)CC1,-9.312,-9.473,0.08416373282670975,-5.415926456451416,29.050739288330078,-0.291,-0.29603125,-0.16100000000000136,-0.005031250000000043
CCCCCCNc1nc(N)nc(C)c1I,-6.517,-6.663,0.009496835991740227,-4.757071495056152,10.478145599365234,-0.4073125,-0.4164375,-0.1459999999999999,-0.009124999999999994
CCCCCCC1(c2ccccc2)C(=O)NC(=O)NC1=O,-8.845,-8.704,0.6324291825294495,-4.412182807922363,26.44898223876953,-0.4211904761904762,-0.4144761904761905,0.14100000000000001,0.006714285714285728
[Br-].c1ccc(C[P+](c2ccccc2)(c2ccccc2)c2ccccc2)cc1,,,0.5951350331306458,-4.098606586456299,9.094690322875977,,,,
CC(C)(NS(C)(=O)=O)C(=O)NCCc1csc2ccccc12,-7.636,-8.39,0.23090790212154388,-4.934004783630371,28.9310245513916,-0.3470909090909091,-0.3813636363636364,-0.7540000000000004,-0.03427272727272729
CCNc1ccnc2sc3c(=O)n(-c4ccc(Cl)cc4)ccc3c12,-7.412,-6.712,0.6629278063774109,-4.470065593719482,39.09491729736328,-0.30883333333333335,-0.2796666666666667,0.7000000000000002,0.029166666666666674
Fc1cc(F)cc(-c2nc3cccc(Cl)c3o2)c1,-8.752,-8.43,0.6694369316101074,-4.027909755706787,8.985888481140137,-0.4862222222222223,-0.4683333333333333,0.32200000000000095,0.017888888888888954
CC(=O)Nc1ccc2c(-c3cccc(C(F)(F)F)c3)ccnc2c1O,-9.735,-9.765,0.884925901889801,-4.885470867156982,38.84900665283203,-0.38939999999999997,-0.3906,-0.030000000000001137,-0.0012000000000000344
O=C1NC(=O)[C@]2(CCOc3ccc(Cl)cc32)O1,-8.536,-8.305,0.11560359597206116,-4.946486949920654,26.27112579345703,-0.5021176470588236,-0.4885294117647059,0.23099999999999987,0.013588235294117679
Cc1ccc(C2=C(c3ccc(F)cc3)C(=O)OC2)cc1,-9.753,-9.43,0.2931404411792755,-4.086654186248779,8.841858863830566,-0.48765000000000003,-0.4715,0.3230000000000004,0.016150000000000053
COc1ccc([C@]23Cc4cc(C#N)ccc4[C@H](O2)c2c(c4ccc(OC)cc4oc2=O)O3)cc1,-9.837,-4.833,0.5636586546897888,-5.792227268218994,30.921884536743164,-0.2893235294117647,-0.1421470588235294,5.004,0.1471764705882353
OC(c1ccc(Cl)cc1)(c1cccnc1)c1cccs1,-8.294,-8.062,0.8376326560974121,-4.241040229797363,38.33689498901367,-0.4147,-0.40309999999999996,0.2320000000000011,0.011600000000000055
Cc1ccccc1NS(=O)(=O)c1cc2c(c([N+](=O)[O-])c1)Nc1ccccc1O2,-9.516,-9.608,0.13651348650455475,-5.074376106262207,32.128326416015625,-0.33985714285714286,-0.34314285714285714,-0.09200000000000053,-0.0032857142857142807
Cc1ccc(Sc2c([N+](=O)[O-])c(=O)oc3ccccc23)cc1,-10.22,-10.38,0.024984534829854965,-4.798015117645264,13.494193077087402,-0.4645454545454546,-0.47181818181818186,-0.16000000000000014,-0.007272727272727264
NC(=O)CC(NC(=O)c1ccc(Br)cc1)c1ccc(NCc2ccc(F)c(F)c2)c([N+](=O)[O-])c1,-8.261,-8.078,0.008500199764966965,-5.747228622436523,9.807574272155762,-0.2429705882352941,-0.23758823529411763,0.18299999999999983,0.005382352941176477
CSc1ccc(NC2=C(c3ccccc3Cl)C(=O)NC2=O)cc1,-8.02,-8.554,0.36784443259239197,-4.696155548095703,35.515960693359375,-0.348695652173913,-0.3719130434782609,-0.5340000000000007,-0.023217391304347856
NCCNS(=O)(=O)c1ccc(NC(=S)NCc2ccc(Cl)cc2)cc1,-7.8,-9.2,0.027536911889910698,-5.538452625274658,25.6451358795166,-0.312,-0.368,-1.3999999999999995,-0.055999999999999994
CC(C)(NC(=O)[C@H](N)C(C)(C)S)C(=O)O,-5.994,-6.513,0.008667864836752415,-5.761484622955322,9.081235885620117,-0.3996,-0.4342,-0.5190000000000001,-0.034599999999999964
O=C(Nc1ccc(F)c(F)c1)c1ccc(-n2cncn2)c([N+](=O)[O-])c1,-8.092,-8.306,0.01125144399702549,-4.925741195678711,7.76365852355957,-0.32368,-0.33224,-0.21399999999999864,-0.008559999999999957
CC(=O)N1c2ccccc2N(C)C(=O)C1(C)C,-7.111,-7.615,0.15134947001934052,-4.194989204406738,3.286590814590454,-0.4182941176470588,-0.44794117647058823,-0.5040000000000004,-0.029647058823529415
O=C1c2nccnc2-c2nc3ccccc3n21,-7.958,-7.56,0.2744344174861908,-4.151320457458496,4.710999965667725,-0.4681176470588235,-0.4447058823529412,0.3980000000000006,0.023411764705882354
CC(=O)Oc1ccc(C(c2ccc(OC(C)=O)cc2)c2ccccn2)cc1,-9.671,-9.333,0.48790237307548523,-4.162609100341797,5.352756023406982,-0.35818518518518516,-0.3456666666666667,0.3379999999999992,0.012518518518518484
N#Cc1ccc(-c2ccc(C(F)(F)F)cc2)cc1,-8.265,-9.397,0.7932075262069702,-4.308441162109375,16.096393585205078,-0.4591666666666667,-0.5220555555555556,-1.1319999999999997,-0.06288888888888888
NCC(=O)CNCCCCCCCNCC(=O)CN,-5.786,-5.865,0.001999363536015153,-5.207660675048828,3.6892576217651367,-0.30452631578947364,-0.3086842105263158,-0.07900000000000063,-0.004157894736842138
CCOc1cccc(OCC)c2c(C)[n+](CC3CCCO3)c(C)c1-2,-7.582,-7.285,0.9238561391830444,-4.147226333618164,10.71880054473877,-0.3159166666666667,-0.30354166666666665,0.2969999999999997,0.012375000000000025
